제목,링크,설명
<b>커피</b> 스니퍼,https://koffeesniffer.kr/,
<b>커피</b>앤시가렛,http://coffeeandcigarettes.kr,
카페이마,,
이니스프리 그린카페,,
오뗄두스,https://www.instagram.com/hotel_douce_sfcmall/,
<b>커피</b> 스니퍼,https://koffeesniffer.kr/,
<b>커피</b>앤시가렛,http://coffeeandcigarettes.kr,
카페이마,,
이니스프리 그린카페,,
오뗄두스,https://www.instagram.com/hotel_douce_sfcmall/,
<b>커피</b> 스니퍼,https://koffeesniffer.kr/,
<b>커피</b>앤시가렛,http://coffeeandcigarettes.kr,
카페이마,,
이니스프리 그린카페,,
오뗄두스,https://www.instagram.com/hotel_douce_sfcmall/,
<b>커피</b> 스니퍼,https://koffeesniffer.kr/,
<b>커피</b>앤시가렛,http://coffeeandcigarettes.kr,
카페이마,,
이니스프리 그린카페,,
오뗄두스,https://www.instagram.com/hotel_douce_sfcmall/,
<b>커피</b> 스니퍼,https://koffeesniffer.kr/,
<b>커피</b>앤시가렛,http://coffeeandcigarettes.kr,
카페이마,,
이니스프리 그린카페,,
오뗄두스,https://www.instagram.com/hotel_douce_sfcmall/,
<b>커피</b> 스니퍼,https://koffeesniffer.kr/,
<b>커피</b>앤시가렛,http://coffeeandcigarettes.kr,
카페이마,,
이니스프리 그린카페,,
오뗄두스,https://www.instagram.com/hotel_douce_sfcmall/,
<b>커피</b> 스니퍼,https://koffeesniffer.kr/,
<b>커피</b>앤시가렛,http://coffeeandcigarettes.kr,
카페이마,,
이니스프리 그린카페,,
오뗄두스,https://www.instagram.com/hotel_douce_sfcmall/,
<b>커피</b> 스니퍼,https://koffeesniffer.kr/,
<b>커피</b>앤시가렛,http://coffeeandcigarettes.kr,
카페이마,,
이니스프리 그린카페,,
오뗄두스,https://www.instagram.com/hotel_douce_sfcmall/,
<b>커피</b> 스니퍼,https://koffeesniffer.kr/,
<b>커피</b>앤시가렛,http://coffeeandcigarettes.kr,
카페이마,,
이니스프리 그린카페,,
오뗄두스,https://www.instagram.com/hotel_douce_sfcmall/,
<b>커피</b> 스니퍼,https://koffeesniffer.kr/,
<b>커피</b>앤시가렛,http://coffeeandcigarettes.kr,
카페이마,,
이니스프리 그린카페,,
오뗄두스,https://www.instagram.com/hotel_douce_sfcmall/,
