,구,지점,발생건수,사상자수,X,Y
0,종로구,종로구 교북동(독립문_의주로_진출_1 부근),3,3,126.96063,37.57193743
1,종로구,종로구 충신동(이화사거리 부근),5,5,127.0044025,37.57610432
2,종로구,종로구 장사동(종묘공원 부근),6,6,126.9936466,37.57070618
3,종로구,종로구 창신동(동묘앞역_다산로_진입 부근),6,6,127.0168556,37.57235887
4,중구,중구 인현동1가(대림상가앞 부근),3,3,126.9953415,37.56637998
5,중구,중구 의주로1가(청암빌딩 부근),4,4,126.9714998,37.55812583
6,중구,중구 신당동(약수역_다산로_진출_1 부근),8,8,127.0105388,37.55407588
7,용산구,용산구 한강로2가(철도건설본부 부근),3,3,126.9668147,37.52917496
8,용산구,용산구 한남동(순천향병원 부근),3,3,127.0044759,37.5334617
9,용산구,용산구 이태원동(그랜드하얏트서울호텔 부근),3,3,126.9961857,37.54118464
10,성동구,성동구 행당동(무학여고앞 부근),3,3,127.0326072,37.55834907
11,성동구,성동구 도선동(왕십리역_왕십리길_진입_1 부근),4,4,127.0351328,37.56157085
12,광진구,광진구 구의동(자양사거리_구의로_진출_1 부근),4,4,127.085717,37.53750213
13,광진구,광진구 구의동(구의사거리 부근),5,5,127.0872497,37.54550866
14,동대문구,동대문구 답십리동(답십리사거리 부근),4,5,127.057404,37.5718314
15,동대문구,동대문구 제기동(식당재료유통할인 부근),4,4,127.0399796,37.5827785
16,동대문구,동대문구 회기동(회기역앞_회기로_진출_1 부근),4,5,127.054378,37.58994844
17,동대문구,동대문구 신설동(신설동역_난정로_진입_1 부근),4,4,127.0229655,37.57507394
18,동대문구,동대문구 제기동(홍파초교후문 부근),4,5,127.0404515,37.58632729
19,동대문구,동대문구 휘경동(위생병원앞 부근),4,5,127.0623521,37.59017101
20,동대문구,동대문구 용두동(용두 치안센터 부근),6,6,127.0337267,37.57808582
21,동대문구,동대문구 청량리동(청량리역_일반국도6호선_진입_1 부근),16,16,127.0441026,37.57989479
22,중랑구,중랑구 면목동(면목역 부근),3,3,127.0874281,37.58902446
23,중랑구,중랑구 상봉동(한일써너스빌리젠시2 부근),3,3,127.0939661,37.59846342
24,중랑구,중랑구 신내동(중랑구청사거리 부근),4,4,127.0947748,37.60681972
25,중랑구,중랑구 면목동(동원사거리 부근),4,4,127.0928964,37.58947984
26,중랑구,중랑구 중화동(대원메디컬빌딩 부근),5,5,127.0781444,37.6015389
27,중랑구,중랑구 상봉동(우리은행중랑교지점 부근),5,6,127.0757533,37.59381421
28,중랑구,중랑구 망우동(원동빌딩 부근),6,6,127.098716,37.5994224
29,성북구,성북구 동소문동7가(흥천사입구 부근),3,3,127.015401,37.59599144
30,성북구,성북구 석관동(석관동제일은행 부근),3,3,127.061388,37.60633553
31,성북구,성북구 정릉동(국민은행정릉 부근),3,3,127.0099448,37.6087987
32,성북구,성북구 안암동3가(제삼주유소 부근),3,3,127.0227193,37.5804992
33,성북구,성북구 동소문동1가(실과바늘 부근),4,4,127.0175849,37.59328284
34,성북구,성북구 정릉동(정릉2동 주민센터 부근),4,4,127.0113638,37.60530242
35,성북구,성북구 하월곡동(생명의전화(종합복지관) 부근),7,7,127.0379558,37.6040376
36,성북구,성북구 종암동(종암2치안센터 부근),7,7,127.0333943,37.60089177
37,강북구,강북구 수유동(수유역 부근),3,3,127.0249293,37.6379293
38,강북구,강북구 수유동((주)월드패션투어 부근),4,4,127.0151168,37.64618949
39,강북구,강북구 미아동(방천시장입구 부근),7,7,127.0347051,37.61222277
40,도봉구,도봉구 방학동(LG대경주유소 부근),3,3,127.042843,37.66530523
41,도봉구,도봉구 창동(창동역서측 부근),3,3,127.0461128,37.65377138
42,도봉구,도봉구 쌍문동(숭미초교 부근),3,3,127.0278802,37.65039312
43,도봉구,도봉구 도봉동(온누리도봉약국 부근),3,3,127.0448719,37.67679876
44,도봉구,도봉구 창동(창원초교 부근),3,3,127.0413923,37.65230415
45,도봉구,도봉구 방학동(아람미술놀이방 부근),4,4,127.0332732,37.6689518
46,도봉구,도봉구 방학동(동부센트리빌아파트 부근),6,6,127.0400351,37.66286357
47,노원구,노원구 하계동(한성여객(주) 부근),3,3,127.0714619,37.63790898
48,노원구,노원구 월계동(월계4동사무소앞 부근),3,3,127.0611846,37.63170214
49,노원구,노원구 공릉동(공릉역 부근),3,3,127.0731473,37.62513844
50,노원구,노원구 상계동(상계초교입구 부근),4,4,127.0666087,37.6571255
51,노원구,노원구 상계동(상계벽산아파트101동 부근),4,4,127.0717682,37.65941766
52,노원구,노원구 월계동(월계초교앞 부근),4,4,127.0513406,37.62550656
53,은평구,은평구 수색동(수색차량사무소입구 부근),2,2,126.884939,37.5889542
54,은평구,은평구 갈현동(길마독사거리 부근),3,3,126.9178687,37.61526123
55,은평구,은평구 불광동(불광동라비앙프라자 부근),3,3,126.9320467,37.61257381
56,은평구,은평구 증산동(청솔식당 부근),3,3,126.9008894,37.57901618
57,은평구,은평구 녹번동(선학수련원 부근),4,4,126.9285366,37.60163346
58,은평구,은평구 신사동(신사사거리 부근),4,5,126.9088059,37.5961848
59,은평구,은평구 대조동(역촌사거리 부근),4,4,126.9198475,37.6084625
60,은평구,은평구 불광동(지현한방병원 부근),4,5,126.92014,37.62542943
61,은평구,은평구 불광동(연천초교길-연서로진입로 부근),4,4,126.9260899,37.62146747
62,은평구,은평구 대조동(대조.불광시장 부근),5,8,126.9266134,37.6086826
63,은평구,은평구 불광동(불광전화국앞 부근),5,7,126.9282919,37.61259233
64,은평구,은평구 대조동(신한은행연신내지점 부근),7,9,126.9212464,37.61928565
65,서대문구,서대문구 홍제동(충만한교회 부근),3,3,126.947674,37.5935531
66,서대문구,서대문구 남가좌동(중암교사거리 부근),3,3,126.9220593,37.57282051
67,서대문구,서대문구 홍은동(홍은사거리_의주로_진출 부근),5,5,126.941809,37.59124218
68,서대문구,서대문구 창천동(신촌로터리_일반국도6호선_진출_ 부근),5,5,126.9357684,37.55545917
69,마포구,마포구 아현동(굴레방다리_일반국도6호선_진출 부근),3,3,126.955746,37.55768936
70,마포구,마포구 신수동(우마카서비스 부근),4,4,126.9324304,37.55031855
71,양천구,양천구 신월동(대흥빌딩 부근),3,3,126.8348649,37.52065366
72,양천구,양천구 신정동(신정3평화은행 부근),3,4,126.8535534,37.51735244
73,강서구,강서구 화곡동(홍익병원앞_등촌로_진입_1 부근),3,3,126.8638752,37.53066506
74,강서구,강서구 화곡동(강서구청입구 부근),3,3,126.8524095,37.55611254
75,강서구,강서구 화곡동(화곡사거리 부근),4,4,126.8472849,37.53071507
76,강서구,강서구 염창동(태진빌딩 부근),4,4,126.8760467,37.54696806
77,강서구,강서구 내발산동(우장산역 부근),5,6,126.8347136,37.54813679
78,강서구,강서구 화곡동(청구빌라트 부근),6,6,126.8458046,37.54547831
79,구로구,구로구 구로동(한국인력관리공단 부근),3,3,126.8924356,37.48593292
80,구로구,구로구 고척동(고척동청구아파트 부근),3,3,126.863307,37.50055331
81,구로구,구로구 오류동(새마을금고오류2동지점 부근),4,4,126.840161,37.4908278
82,구로구,구로구 오류동(시티월드앞 부근),4,4,126.8398274,37.49535215
83,구로구,구로구 구로동(두산아파트 부근),4,6,126.888865,37.48933477
84,구로구,구로구 개봉동(개봉역 부근),7,7,126.8575719,37.4935325
85,금천구,금천구 시흥동(관악농협협동조합 부근),3,5,126.9098618,37.45052574
86,금천구,금천구 시흥동(장혁빌딩 부근),3,3,126.9054085,37.4572024
87,금천구,금천구 시흥동(시흥사거리 부근),3,3,126.900242,37.45472001
88,금천구,금천구 시흥동(시흥4동사거리 부근),4,4,126.9040397,37.46338335
89,금천구,금천구 독산동(독산1동새마을금고 부근),7,7,126.8976316,37.4721759
90,영등포구,영등포구 영등포동1가(영등포로터리 부근),3,3,126.9124243,37.51832954
91,영등포구,영등포구 영등포동(영등포역 부근),3,3,126.9061805,37.51621626
92,영등포구,영등포구 신길동(대방역_노량진로_진출 부근),3,4,126.924783,37.51295409
93,영등포구,영등포구 당산동1가(영등포유통상가 부근),3,3,126.8972386,37.52116272
94,영등포구,영등포구 신길동(신길광장공원앞_도림로_진출 부근),3,4,126.9048051,37.49852998
95,영등포구,영등포구 문래동5가(신정동현대아파트 부근),3,3,126.8765461,37.51763543
96,영등포구,영등포구 신길동(보라매역 부근),3,3,126.9201564,37.49930113
97,영등포구,영등포구 영등포동4가(영등포시장앞 부근),3,3,126.9043848,37.52006921
98,영등포구,영등포구 당산동6가(당산역_당산로_진입_1 부근),4,4,126.9023754,37.5344114
99,영등포구,영등포구 대림동(대림역 부근),5,5,126.8973184,37.49296063
100,동작구,동작구 사당동(남성역 부근),3,3,126.9705886,37.48509275
101,동작구,동작구 상도동(동광교회 부근),4,4,126.9344264,37.50195119
102,동작구,동작구 흑석동(명수대상가 부근),5,5,126.9622516,37.50728158
103,동작구,동작구 상도동(신대방삼거리역 부근),5,5,126.9284935,37.49940192
104,동작구,동작구 상도동(상도지구대 부근),6,6,126.9396953,37.50376308
105,관악구,관악구 남현동(연송빌딩 부근),3,3,126.9807405,37.47591231
106,관악구,관악구 신림동(구로디지털단지역 부근),3,3,126.9029226,37.48429619
107,관악구,관악구 봉천동(까치고개_남부순환로_진입 부근),3,4,126.9661834,37.4759034
108,관악구,관악구 신림동(신대방역 부근),3,3,126.9127308,37.48694141
109,관악구,관악구 신림동(성지빌딩 부근),4,4,126.9305805,37.47972321
110,관악구,관악구 신림동(성민사회복지관 부근),4,4,126.93128,37.46769179
111,관악구,관악구 봉천동(원당초교입구 부근),5,5,126.9555935,37.47906121
112,관악구,관악구 신림동(뿌리약국 부근),5,5,126.9187767,37.4739847
113,관악구,관악구 신림동(미림여고입구 부근),5,5,126.9335076,37.47113712
114,서초구,서초구 방배동(삼산빌딩 부근),4,4,126.9816975,37.48015215
115,서초구,서초구 서초동(도일빌딩 부근),5,5,127.0140843,37.49416517
116,강남구,강남구 논현동(강남을지병원사거리_도산대로_진 부근),3,3,127.0290718,37.51959773
117,강남구,강남구 대치동(은마상가 부근),3,3,127.0625048,37.49617418
118,강남구,강남구 개포동(구룡마을입구 부근),5,6,127.064454,37.47957034
119,송파구,송파구 석촌동(석촌역_백제고분로_진출_2 부근),3,3,127.1058093,37.50469298
120,송파구,송파구 가락동(문정동우체국 부근),4,4,127.1117872,37.4903516
121,송파구,송파구 마천동(거여삼거리 부근),4,4,127.1531811,37.49340424
122,송파구,송파구 가락동(GS마트입구 부근),5,5,127.1173275,37.49229814
123,송파구,송파구 삼전동(송파구민회관 부근),5,5,127.0908689,37.50414763
124,송파구,송파구 가락동(가락시장입구 부근),6,6,127.1097191,37.4942021
125,송파구,송파구 거여동(거여역(거여사거리) 부근),10,10,127.1454145,37.49305467
126,강동구,강동구 성내동(성내초등교 부근),3,3,127.1212932,37.53059866
127,강동구,강동구 천호동(강동구민회관 부근),3,3,127.1418875,37.54616653
128,강동구,강동구 천호동(천호초교입구 부근),4,4,127.132587,37.5478135
129,강동구,강동구 길동(길동시장 부근),4,4,127.1369081,37.53458513
130,강동구,강동구 천호동(천호신사거리 부근),5,5,127.126946,37.53835141
131,강동구,강동구 둔촌동(세양청마루아파트 부근),5,5,127.1418421,37.53429313
132,종로구,종로구 숭인동(아람보습학원 부근),5,5,127.0179585,37.57336951
133,종로구,종로구 종로2가(기업은행 부근),4,4,126.9891585,37.57029032
134,중구,중구 봉래동2가(서울역사거리 부근),5,5,126.9725269,37.55555647
135,중구,중구 신당동(약수역 부근),5,6,127.0106175,37.55463505
136,중구,중구 남창동(서울역고가차도(동측) 부근),5,5,126.9775708,37.55796161
137,중구,중구 흥인동(신당역 부근),4,4,127.0174381,37.56581386
138,중구,중구 충무로4가(진양상가 부근),3,3,126.994859,37.56142591
139,중구,중구 소공동(롯데명품관 부근),3,3,126.9809574,37.56398749
140,용산구,용산구 원효로2가(원효아파트 부근),5,5,126.9614783,37.5355752
141,성동구,성동구 용답동(동부시장 부근),8,8,127.053609,37.56611886
142,성동구,성동구 행당동(성수여중 부근),5,5,127.0491749,37.53841625
143,성동구,성동구 행당동(응봉삼거리 부근),3,3,127.0340775,37.55467384
144,성동구,성동구 금호동1가(정민빌딩 부근),3,4,127.0250545,37.55282618
145,성동구,성동구 금호동4가(국민은행금호동 부근),3,3,127.0227855,37.54823817
146,광진구,광진구 능동(아차산역 부근),4,4,127.0903211,37.55109896
147,광진구,광진구 군자동(화양삼거리 부근),3,3,127.0708705,37.54961257
148,광진구,광진구 구의동(구의사거리 부근),3,3,127.0855871,37.54514929
149,동대문구,동대문구 용두동(성바오로병원앞 부근),13,13,127.0424324,37.57921299
150,동대문구,동대문구 용두동(경동시장_일반국도6호선_진출_1 부근),9,9,127.0373987,37.57821158
151,동대문구,동대문구 청량리동(옥치과의원 부근),6,6,127.0468332,37.58116344
152,동대문구,동대문구 휘경동(백합빌딩 부근),5,5,127.0603876,37.58958483
153,동대문구,동대문구 이문동(외대앞역지하차도(서측) 부근),4,4,127.0618577,37.59571493
154,동대문구,동대문구 전농동(전농파출소앞 부근),4,4,127.0473577,37.57577006
155,동대문구,동대문구 답십리동(답십리사거리 부근),3,3,127.0573698,37.57318705
156,동대문구,동대문구 회기동(회기역앞_이문로_진입_1 부근),3,3,127.0550314,37.58934843
157,동대문구,동대문구 장안동(경찰수사연구소B 부근),3,3,127.0723265,37.58162473
158,동대문구,동대문구 청량리동(떡전교사거리_일반국도6호선_진 부근),3,3,127.0501374,37.58383167
159,중랑구,중랑구 망우동(원동빌딩 부근),6,7,127.0990721,37.59948407
160,중랑구,중랑구 면목동(면목역 부근),4,5,127.0878164,37.58844895
161,중랑구,중랑구 면목동(면목2동사거리_일반국도3호선_진 부근),4,4,127.0782337,37.58779618
162,중랑구,중랑구 신내동(봉화환승주차장 부근),3,3,127.0932938,37.61638261
163,중랑구,중랑구 면목동(중화중교 부근),3,3,127.0947598,37.58635483
164,중랑구,중랑구 상봉동(한일써너스빌리젠시2 부근),3,3,127.0938237,37.59836468
165,중랑구,중랑구 면목동(상봉시장앞 부근),3,3,127.0861586,37.59328338
166,중랑구,중랑구 중화동(중화역 부근),3,3,127.0795113,37.60099343
167,중랑구,중랑구 망우동(동원사거리 부근),3,3,127.0936908,37.59046069
168,성북구,성북구 종암동(효성특수유리 부근),5,6,127.0336578,37.60036245
169,성북구,성북구 장위동(신한은행(장위지점) 부근),5,5,127.0515981,37.60995572
170,성북구,성북구 하월곡동(이삭교회 부근),5,5,127.0395537,37.60239732
171,성북구,성북구 동선동1가(성신여대입구역 부근),5,5,127.0174224,37.59284404
172,성북구,성북구 정릉동(아리랑로터리_정릉길_진출_1 부근),3,4,127.012948,37.60385615
173,성북구,성북구 정릉동(미진미싱 부근),3,3,127.0187723,37.60192413
174,강북구,강북구 미아동(국민은행수유지점 부근),6,7,127.023936,37.63231207
175,강북구,강북구 미아동(미아삼거리역 부근),6,6,127.0300476,37.61356564
176,강북구,강북구 미아동(미아사거리_미아로_진출_1 부근),5,6,127.0302086,37.60880569
177,강북구,강북구 수유동(원일빌딩 부근),4,4,127.0194712,37.63436509
178,강북구,강북구 수유동(백십자약국 부근),4,4,127.012937,37.63680909
179,강북구,강북구 수유동(광산타워 부근),3,3,127.0222875,37.64215282
180,강북구,강북구 수유동(우이초등교앞 부근),3,3,127.0167833,37.64143975
181,강북구,강북구 수유동(삼각산지구대 부근),3,3,127.0178076,37.63074267
182,강북구,강북구 미아동(미아동소방소앞 부근),3,3,127.0158856,37.62012476
183,강북구,강북구 번동(강북유니온빌딩앞 부근),2,2,127.0427407,37.62832201
184,도봉구,도봉구 쌍문동(만복중앙교회 부근),4,4,127.023249,37.64953302
185,도봉구,도봉구 창동(창동역서측 부근),4,5,127.046164,37.65247163
186,도봉구,도봉구 쌍문동(연세한의원 부근),4,4,127.0341638,37.65807299
187,도봉구,도봉구 도봉동(이화창고 부근),3,3,127.0462701,37.68345989
188,도봉구,도봉구 방학동(도봉소방서 부근),3,3,127.0424159,37.66470629
189,노원구,노원구 중계동(당현교 부근),4,5,127.063088,37.6471978
190,노원구,노원구 상계동(노원롯데백화점 부근),4,4,127.0608796,37.65535219
191,노원구,노원구 월계동(염상국치과의원 부근),4,5,127.0643179,37.61681098
192,노원구,노원구 월계동(성북역 부근),3,4,127.0601643,37.62366379
193,노원구,노원구 공릉동(공릉역 부근),3,3,127.0724783,37.62536654
194,노원구,노원구 상계동(삼정의원 부근),3,3,127.0712026,37.66099279
195,은평구,은평구 불광동(연신내사거리 부근),6,6,126.9209583,37.61952353
196,은평구,은평구 신사동(증산3교 부근),5,7,126.9067629,37.58104472
197,은평구,은평구 불광동(연신초교삼거리 부근),4,4,126.9301392,37.62379091
198,은평구,은평구 신사동(새절역 부근),4,4,126.9142253,37.59244715
199,은평구,은평구 역촌동(신사오거리 부근),4,4,126.9159068,37.59905329
200,은평구,은평구 대조동(역촌사거리 부근),4,4,126.9206057,37.6087687
201,은평구,은평구 대조동(불광전화국앞 부근),4,4,126.9290369,37.61183033
202,은평구,은평구 불광동(국립보건원 부근),4,4,126.9313087,37.60858356
203,은평구,은평구 갈현동(구산역 부근),3,3,126.9173169,37.61148589
204,서대문구,서대문구 홍은동(홍은사거리 부근),8,8,126.9413082,37.59130268
205,서대문구,서대문구 영천동(교남동사무소 부근),7,7,126.9615462,37.57088275
206,서대문구,서대문구 홍제동(서부빌딩 부근),5,5,126.9448792,37.58815199
207,서대문구,서대문구 남가좌동(성사중학교 부근),4,4,126.9146282,37.56922982
208,서대문구,서대문구 북가좌동(고려가정의학과의원 부근),4,4,126.9143138,37.58160325
209,서대문구,서대문구 홍제동(홍은성결교회 부근),3,3,126.9474657,37.59285981
210,서대문구,서대문구 연희동(두꺼비주유소앞 부근),3,3,126.9253239,37.56644066
211,서대문구,서대문구 연희동(연희프라자 부근),3,3,126.9301627,37.56720645
212,마포구,마포구 성산동(평강교회 부근),5,5,126.9011389,37.56558481
213,마포구,마포구 용강동(일진빌딩 부근),5,5,126.9470196,37.54061018
214,마포구,마포구 도화동(공덕오거리 부근),4,4,126.9510379,37.54386026
215,마포구,마포구 창전동(광흥창역 부근),3,3,126.9312699,37.54755928
216,마포구,마포구 노고산동(신촌로터리_신촌로_진입 부근),3,3,126.9361573,37.5548967
217,양천구,양천구 신월동(샛별유치원 부근),5,6,126.8352635,37.52018758
218,양천구,양천구 목동(국일빌딩앞 부근),5,5,126.8727917,37.54729994
219,양천구,양천구 신월동(신월사거리 부근),4,4,126.8280149,37.53605149
220,양천구,양천구 목동(목동사거리 부근),3,3,126.863696,37.53297283
221,강서구,강서구 화곡동(형제빌딩 부근),5,5,126.8463498,37.53241832
222,강서구,강서구 내발산동(발산역_강서로_진입_2 부근),4,4,126.8378473,37.55770233
223,강서구,강서구 등촌동(등촌성당 부근),4,4,126.8461055,37.55890155
224,강서구,강서구 화곡동(유니스빌딩 부근),4,4,126.8461487,37.54784268
225,강서구,강서구 화곡동(까치산식당 부근),3,3,126.8339177,37.53998686
226,강서구,강서구 등촌동(조흥은행등촌동지점 부근),3,3,126.8540718,37.55556882
227,구로구,구로구 개봉동(조양빌딩 부근),5,5,126.8568071,37.49314601
228,구로구,구로구 오류동(대성그린빌라 부근),3,3,126.8352621,37.48902144
229,구로구,구로구 고척동(상암빌딩 부근),3,3,126.8502847,37.50222141
230,금천구,금천구 시흥동(교촌빌딩 부근),5,5,126.9014817,37.45225026
231,금천구,금천구 시흥동(부영빌딩 부근),4,4,126.9046257,37.44357701
232,영등포구,영등포구 신길동(대진목재 부근),6,6,126.9036756,37.50448193
233,영등포구,영등포구 신길동(영등포농협 부근),5,5,126.9143003,37.51121734
234,영등포구,영등포구 영등포동7가(영등포시장역 부근),4,4,126.9051575,37.52269926
235,영등포구,영등포구 영등포동(영등포역 부근),4,4,126.9069541,37.51661667
236,영등포구,영등포구 대림동(대림공원사거리 부근),4,4,126.902515,37.49171161
237,영등포구,영등포구 영등포동3가(영등포현대아파트 부근),4,4,126.9040852,37.52875243
238,영등포구,영등포구 여의도동(한서리버파크 부근),4,4,126.9251893,37.53063345
239,영등포구,영등포구 대림동(영등포소방서 부근),3,3,126.9026099,37.49659376
240,영등포구,영등포구 영등포동(영등포지하차도(북측) 부근),3,3,126.9123373,37.51777057
241,영등포구,영등포구 영등포동7가(남부교육청앞 부근),3,3,126.9095692,37.52508444
242,영등포구,영등포구 영등포동(신길2 승리교회 부근),3,3,126.9113427,37.51397963
243,동작구,동작구 사당동(사당고가차도(서측) 부근),6,7,126.9794736,37.47648961
244,동작구,동작구 흑석동(흑석2동신한은행 부근),5,5,126.9609381,37.50771763
245,동작구,동작구 상도동(상도지구대 부근),4,4,126.9389865,37.50415361
246,동작구,동작구 사당동(남성역7호선 부근),4,4,126.9707969,37.48492047
247,동작구,동작구 사당동(사당시장 부근),3,3,126.9759081,37.48330413
248,관악구,관악구 봉천동(관악프라자 부근),7,7,126.9549379,37.48412098
249,관악구,관악구 신림동(미림여고입구 부근),6,6,126.9339093,37.47153692
250,관악구,관악구 봉천동(현대시장 부근),6,6,126.9465878,37.48683843
251,관악구,관악구 신림동(뿌리약국 부근),5,7,126.9181333,37.47376378
252,관악구,관악구 봉천동(조강빌딩 부근),4,4,126.9441643,37.47948151
253,관악구,관악구 신림동(신대방역 부근),3,4,126.9132738,37.4870027
254,관악구,관악구 봉천동(도원맨션 부근),3,3,126.9393992,37.4842407
255,서초구,서초구 방배동(삼원빌딩 부근),6,6,126.9820502,37.48815176
256,서초구,서초구 방배동(단지빌딩앞 부근),4,4,126.9913829,37.48975339
257,서초구,서초구 방배동(삼산빌딩 부근),4,4,126.9819316,37.48058268
258,서초구,서초구 양재동(양재역_남부순환로_진입_1 부근),3,3,127.0350107,37.4845971
259,강남구,강남구 개포동(구룡마을입구 부근),3,4,127.0649824,37.47920393
260,송파구,송파구 가락동(가락지하차도(동측) 부근),5,5,127.1104186,37.4953287
261,송파구,송파구 가락동(문정동우체국 부근),3,3,127.1126356,37.49061819
262,송파구,송파구 거여동(거여사거리_오금로_진입 부근),3,3,127.142107,37.49422098
263,송파구,송파구 가락동(GS마트입구 부근),3,3,127.1167533,37.49216484
264,강동구,강동구 성내동(성내중고 부근),5,5,127.1323361,37.53006194
265,강동구,강동구 길동(강동한시휴플러스 부근),4,4,127.1369798,37.53586505
266,강동구,강동구 고덕동(고덕삼거리 부근),4,4,127.1703593,37.55723095
267,강동구,강동구 천호동(천호지하차도(남측) 부근),3,3,127.1254823,37.53783737
268,종로구,종로구 묘동(낙원상가 부근),4,4,126.9895517,37.57264814
269,종로구,종로구 종로3가(세운상가 부근),4,4,126.995412,37.57041697
270,종로구,종로구 숭인동(동묘앞역_일반국도6호선_진출 부근),3,3,127.0152325,37.57303055
271,종로구,종로구 세종로(교보빌딩앞 부근),3,3,126.9779513,37.57159166
272,종로구,종로구 관훈동(조계사앞 부근),3,3,126.9831629,37.57275442
273,중구,중구 신당동(청구역 부근),10,10,127.0150713,37.56107945
274,중구,중구 남창동(숭례문_남대문로_진입_1 부근),8,11,126.9778296,37.55957692
275,중구,중구 을지로6가(종로6가 부근),6,6,127.005895,37.57080014
276,중구,중구 을지로2가(을지로1가_을지로_진입_1 부근),5,5,126.9832425,37.56592474
277,중구,중구 신당동(신당중앙시장 부근),4,5,127.019653,37.56536013
278,중구,중구 봉래동2가(서부역_청파로_진입 부근),3,3,126.9689693,37.55494789
279,중구,중구 남대문로5가(서울역사거리_태평로_진출 부근),3,3,126.9734734,37.55779919
280,용산구,용산구 서계동(신한은행 부근),4,4,126.9635283,37.55012526
281,용산구,용산구 한남동(순천향병원 부근),3,3,127.0064015,37.53324443
282,성동구,성동구 행당동(무학여고앞 부근),5,5,127.0322009,37.55813474
283,성동구,성동구 행당동(왕십리지하차도(북측) 부근),5,5,127.0357518,37.56199227
284,성동구,성동구 홍익동(양지사거리 부근),3,3,127.0308323,37.56664894
285,성동구,성동구 금호동3가(금호역 부근),3,3,127.0181245,37.54842602
286,광진구,광진구 구의동(테크노마트 부근),5,6,127.0946596,37.5357762
287,광진구,광진구 중곡동(하나은행중곡동지점 부근),5,5,127.081392,37.55729847
288,광진구,광진구 중곡동(신성시장 부근),4,5,127.0885687,37.55788824
289,광진구,광진구 중곡동(중곡동사거리 부근),3,4,127.0803173,37.5630301
290,광진구,광진구 자양동(청담대교(북단) 부근),3,3,127.0666039,37.53131746
291,동대문구,동대문구 제기동(우리은행청량리중앙지점 부근),13,13,127.0414545,37.57907911
292,동대문구,동대문구 청량리동(청량리역_홍릉길_진입_1 부근),13,13,127.0454923,37.58089967
293,동대문구,동대문구 신설동(신설동역_보문로_진출_1 부근),8,8,127.0231843,37.5762978
294,동대문구,동대문구 제기동(롯데불로장생센터 부근),7,8,127.0367415,37.57854701
295,동대문구,동대문구 휘경동(위생병원앞 부근),6,6,127.0620507,37.58992451
296,동대문구,동대문구 전농동(동화빌딩 부근),6,6,127.0684434,37.577404
297,동대문구,동대문구 제기동(식당재료유통할인 부근),5,5,127.0399303,37.58305052
298,동대문구,동대문구 장안동(장한평역_장한로_진입_1 부근),4,5,127.0670183,37.56265023
299,동대문구,동대문구 신설동(용두동사거리_일반국도6호선_진 부근),4,4,127.0289018,37.5770724
300,동대문구,동대문구 전농동(전농굴다리 부근),4,4,127.046075,37.57650153
301,동대문구,동대문구 이문동(우영목욕탕 부근),3,3,127.0580445,37.59425954
302,동대문구,동대문구 이문동(신이문역 및 이문기지창 부근),3,3,127.0672855,37.60331978
303,동대문구,동대문구 답십리동(동탑초등학교 부근),3,3,127.064119,37.56933637
304,동대문구,동대문구 전농동(떡전교사거리_전농로_진입_1 부근),3,4,127.0516769,37.58526578
305,동대문구,동대문구 청량리동(홍파초교_고산자로_진출_1 부근),3,3,127.0385876,37.58701233
306,동대문구,동대문구 신설동(강원금속(주) 부근),3,3,127.0328036,37.57082662
307,동대문구,동대문구 전농동(전농동사거리_사가정길_진출_1 부근),3,3,127.0590543,37.57774141
308,중랑구,중랑구 망우동(망우사거리 부근),5,8,127.1006985,37.59973355
309,중랑구,중랑구 망우동(상봉2지구대 부근),5,6,127.095554,37.59866093
310,중랑구,중랑구 상봉동(상봉역 부근),4,6,127.0859546,37.59581575
311,중랑구,중랑구 면목동(장평교 부근),4,4,127.0814437,37.57150822
312,중랑구,중랑구 상봉동(동1로지하차도(남측) 부근),4,4,127.0788679,37.59417562
313,중랑구,중랑구 망우동(망우제2동우리은행 부근),4,4,127.0975965,37.59496669
314,중랑구,중랑구 면목동(예삐유치원 부근),3,3,127.0761567,37.59004383
315,성북구,성북구 동소문동5가(동암약국 부근),6,6,127.0133509,37.591434
316,성북구,성북구 길음동(미아삼거리역 부근),5,7,127.02917,37.6116353
317,성북구,성북구 길음동(길음역로터리 부근),5,6,127.0249947,37.60459215
318,성북구,성북구 돈암동(보현사(조계종) 부근),5,5,127.0139923,37.59541623
319,성북구,성북구 하월곡동(이삭교회_정릉길_진입_2 부근),5,5,127.0374069,37.60272295
320,성북구,성북구 삼선동1가(한성대입구역_동소문로_진출_1 부근),4,4,127.0078666,37.58893932
321,성북구,성북구 종암동(종암사거리_정릉길_진입_2 부근),4,4,127.0312187,37.60331775
322,성북구,성북구 정릉동(대왕기업운수(주) 부근),4,4,127.008744,37.61184046
323,성북구,성북구 정릉동(국민은행정릉 부근),4,4,127.0086645,37.608005
324,성북구,성북구 길음동(영일당구장 부근),3,3,127.0231011,37.60834958
325,강북구,강북구 미아동(삼양주유소앞 부근),6,9,127.0260291,37.62597469
326,강북구,강북구 수유동(수유5동사무소 부근),5,5,127.020221,37.63517004
327,강북구,강북구 수유동(한성빌딩 부근),5,5,127.02239,37.63916996
328,강북구,강북구 수유동(효성네오인텔리안 부근),5,5,127.0270448,37.63873061
329,강북구,강북구 수유동(광산사거리 부근),5,5,127.0224814,37.64341277
330,강북구,강북구 번동(강북구-노원구경계(1) 부근),4,4,127.0408926,37.63138299
331,강북구,강북구 미아동(방천시장입구 부근),4,4,127.0337857,37.61236786
332,도봉구,도봉구 방학동(LG대경주유소 부근),9,9,127.0426693,37.66559125
333,도봉구,도봉구 도봉동(온누리도봉약국 부근),6,8,127.0445472,37.67753886
334,도봉구,도봉구 쌍문동(한일병원 부근),3,3,127.0288229,37.64451875
335,도봉구,도봉구 도봉동(노원교 부근),3,3,127.0496201,37.67968886
336,도봉구,도봉구 창동(창동시장입구 부근),3,3,127.0330335,37.64613987
337,노원구,노원구 상계동(당고개역 부근),7,7,127.0794084,37.67010562
338,노원구,노원구 중계동(상계역입구 부근),6,6,127.0731146,37.66000788
339,노원구,노원구 월계동(석계역서 부근),5,5,127.0653395,37.61468149
340,노원구,노원구 상계동(LG하이프라자 부근),3,3,127.0553662,37.6771279
341,노원구,노원구 공릉동(태릉입구역 부근),2,2,127.0758844,37.61794381
342,은평구,은평구 대조동(신한은행연신내지점 부근),5,6,126.9214412,37.6190669
343,은평구,은평구 갈현동(갈현1동사무소 부근),5,7,126.9174234,37.62397233
344,은평구,은평구 대조동(역촌역 부근),4,4,126.9220407,37.6069322
345,은평구,은평구 증산동(비단길-수색로진입로 부근),4,5,126.9017208,37.57818831
346,은평구,은평구 대조동(불광역 부근),4,4,126.9292454,37.61053551
347,은평구,은평구 불광동(연천초교길-연서로진입로 부근),4,4,126.9261685,37.62139372
348,은평구,은평구 증산동(서대문구-은평구경계(3) 부근),3,4,126.9098216,37.58373193
349,서대문구,서대문구 연희동(마포구-서대문구경계(4) 부근),6,6,126.9166576,37.56792841
350,서대문구,서대문구 홍은동(홍연2교 부근),5,5,126.9294163,37.57685218
351,서대문구,서대문구 홍제동(무악재역A 부근),5,5,126.950913,37.58155496
352,서대문구,서대문구 북가좌동(숭실고입구 부근),4,4,126.9128941,37.58973982
353,서대문구,서대문구 홍제동(인왕APT 부근),4,4,126.9482039,37.58513275
354,서대문구,서대문구 홍제동(서부빌딩 부근),3,3,126.9455629,37.5885605
355,서대문구,서대문구 남가좌동(남가좌동사거리 부근),3,3,126.9224429,37.577509
356,마포구,마포구 노고산동(신촌로터리_연세로_진출 부근),6,7,126.936505,37.55559676
357,마포구,마포구 동교동(서교빌딩 부근),5,5,126.9218814,37.5567045
358,마포구,마포구 구수동(서강문화APT 부근),4,4,126.9319265,37.54659717
359,마포구,마포구 동교동(창천삼거리 부근),3,3,126.9313323,37.55689882
360,양천구,양천구 신월동(해태아파트 부근),5,5,126.8444232,37.52140888
361,양천구,양천구 신정동(월드오피스텔 부근),5,5,126.8503347,37.52217344
362,양천구,양천구 목동(외환은행강서지점 부근),4,4,126.8706905,37.54696563
363,양천구,양천구 신월동(삼오빌딩 부근),3,3,126.8339595,37.53656198
364,강서구,강서구 화곡동(화곡역_강서로_진출_2 부근),6,6,126.8402045,37.54182807
365,강서구,강서구 염창동(태진빌딩 부근),5,6,126.8762741,37.54684307
366,강서구,강서구 화곡동(화곡사거리 부근),5,5,126.8467009,37.53060105
367,강서구,강서구 화곡동(우장산역 부근),3,3,126.8363964,37.54895116
368,강서구,강서구 화곡동(우장공원입구 부근),3,3,126.8511184,37.55345227
369,강서구,강서구 화곡동(청구빌라트 부근),3,3,126.8468015,37.54489905
370,구로구,구로구 구로동(민영규치과의원 부근),5,5,126.8835319,37.49153634
371,구로구,구로구 구로동(남구로역_도림로_진입 부근),5,5,126.8876743,37.48616756
372,구로구,구로구 개봉동(조양빌딩 부근),5,5,126.8567234,37.49321677
373,구로구,구로구 신도림동(신도림역 부근),4,5,126.890964,37.50987228
374,구로구,구로구 구로동(뉴홍현 솔레디움 부근),4,5,126.8839483,37.4993238
375,구로구,구로구 구로동(구로구청앞_가마산길_진입_2 부근),4,4,126.8864456,37.49448729
376,구로구,구로구 구로동(구로재활용센타 부근),3,3,126.8904085,37.50571621
377,금천구,금천구 독산동(시흥4동사거리 부근),5,5,126.9046824,37.46111171
378,금천구,금천구 독산동(독산사거리 부근),5,5,126.8980452,37.47065637
379,금천구,금천구 가산동(주택 부근),5,5,126.9020401,37.47263801
380,금천구,금천구 독산동(말미사거리 부근),4,5,126.8965876,37.46677054
381,금천구,금천구 독산동(박재영과위원 부근),3,3,126.9020893,37.4677426
382,영등포구,영등포구 당산동2가(교보생명 부근),5,5,126.8934502,37.52028569
383,영등포구,영등포구 당산동1가(영등포청과시장_영등포역고가로_ 부근),5,5,126.9011572,37.52010599
384,영등포구,영등포구 영등포동7가(남부교육청앞 부근),4,4,126.9084828,37.52492488
385,영등포구,영등포구 당산동3가(영등포구청 부근),4,4,126.8977134,37.52702204
386,영등포구,영등포구 대림동(대림사거리 부근),4,5,126.9062025,37.48948035
387,영등포구,영등포구 신길동(썬프라자 부근),4,4,126.9082421,37.49678885
388,영등포구,영등포구 문래동3가(에이스하이테크시티에이스건설타 부근),3,3,126.9016389,37.51481052
389,영등포구,영등포구 신길동(대신시장 부근),3,3,126.9173767,37.51221038
390,영등포구,영등포구 영등포동8가(영등포중앙감리교회 부근),3,3,126.9057635,37.53118552
391,영등포구,영등포구 영등포동7가(영등포시장역 부근),3,3,126.9042569,37.52294303
392,동작구,동작구 상도동(장승빌딩 부근),8,9,126.9389476,37.50549389
393,동작구,동작구 상도동(성대시장 부근),8,9,126.9314834,37.50002153
394,동작구,동작구 상도1동(대림쇼핑센타 부근),7,7,126.9468254,37.50456547
395,동작구,동작구 상도동(가든주택 부근),4,4,126.9433887,37.49560314
396,동작구,동작구 사당동(이수역 부근),3,3,126.9818316,37.48543043
397,관악구,관악구 봉천동(신우빌딩 부근),7,8,126.9410652,37.48304806
398,관악구,관악구 봉천동(은천삼거리 부근),7,10,126.9566487,37.48559123
399,관악구,관악구 봉천동(낙성대입구 부근),5,5,126.9605612,37.47819165
400,관악구,관악구 봉천동(당곡사거리 부근),5,5,126.9272248,37.48907322
401,관악구,관악구 봉천동(서울대입구역_관악로_진출_2 부근),5,5,126.9527328,37.48187421
402,관악구,관악구 봉천동(까치고개_인현길_진출 부근),5,5,126.9664007,37.47447677
403,관악구,관악구 신림동(신림교(북단) 부근),5,5,126.9288759,37.48204958
404,관악구,관악구 봉천동(조강빌딩 부근),5,5,126.9439501,37.47976308
405,관악구,관악구 신림동(트윈타워1 부근),4,4,126.9227755,37.48678247
406,관악구,관악구 신림동(우림시장 부근),4,4,126.9198927,37.47067574
407,관악구,관악구 신림동(신본교(남단) 부근),4,4,126.9349896,37.47733865
408,관악구,관악구 신림동(양지빌딩 부근),4,5,126.914229,37.48220591
409,관악구,관악구 봉천동(현대시장 부근),3,6,126.9469134,37.48705681
410,관악구,관악구 봉천동(관악구청 부근),3,3,126.9520428,37.47768284
411,서초구,서초구 서초동(강남역_서초로_진출 부근),3,3,127.0270112,37.49764941
412,서초구,서초구 서초동(무지개아파트 부근),3,3,127.0246752,37.48726569
413,강남구,강남구 삼성동(삼릉공원 부근),4,5,127.0436387,37.51101083
414,강남구,강남구 역삼동(삼호아파트(서초구) 부근),4,4,127.0255563,37.50143003
415,강남구,강남구 수서동(수서역_국가지원지방도32호선_진 부근),4,5,127.1018161,37.48770537
416,송파구,송파구 오금동(방이역 부근),4,4,127.1267687,37.50909713
417,송파구,송파구 가락동(GS마트입구 부근),4,4,127.1171967,37.49255739
418,송파구,송파구 오금동(오금현대아파트 부근),4,4,127.1259463,37.50310251
419,송파구,송파구 석촌동(석촌초교입구 부근),3,3,127.1067054,37.50089275
420,강동구,강동구 천호동(광진교앞 부근),5,5,127.1243724,37.54127484
421,강동구,강동구 길동(둔촌고교입구 부근),4,4,127.1449141,37.53529233
422,강동구,강동구 길동(동우빌딩-국민은행 부근),4,5,127.1388974,37.53509396
423,강동구,강동구 명일동(명일역 부근),4,4,127.1427749,37.55149825
424,강동구,강동구 천호동(현대타워 부근),4,4,127.1319009,37.53635822
425,강동구,강동구 성내동(삼성A상가 부근),4,4,127.12729,37.53166962
426,강동구,강동구 천호동(천호초교입구 부근),3,3,127.1342588,37.54646719
427,종로구,종로구 관수동(종로3가 부근),10,11,126.9910312,37.5701934
428,종로구,종로구 숭인동(황학교(북단)_난계로_진출_1 부근),7,7,127.0232695,37.57344433
429,종로구,종로구 숭인동(영도교(남단) 부근),5,5,127.0188144,37.57110641
430,종로구,종로구 낙원동(낙원상가 부근),5,5,126.988593,37.5726632
431,종로구,종로구 효제동(율곡로-충효길진출로 부근),4,4,127.0057275,37.57469211
432,종로구,종로구 경운동(안국동사거리_율곡로_진출_1 부근),3,5,126.9838713,37.57578155
433,종로구,종로구 창신동(박민규이빈후과 부근),3,3,127.0154225,37.57691614
434,중구,중구 봉래동2가(동자로터리_한강로_진입 부근),7,7,126.9725531,37.5551638
435,중구,중구 신당동(약수역_동호로_진입_1 부근),7,7,127.011645,37.55378077
436,중구,중구 남창동(신세계백화점(정문) 부근),6,6,126.9779795,37.5595115
437,중구,중구 신당동(기업은행성동지점 부근),6,7,127.0209162,37.56542375
438,중구,중구 산림동(남강빌딩 부근),4,4,126.9978307,37.56799224
439,중구,중구 충무로3가(호운빌딩 부근),4,5,126.9930844,37.56264414
440,중구,중구 의주로2가(염천교 부근),3,3,126.9711396,37.55960047
441,용산구,용산구 후암동(후암시장 부근),5,5,126.9775449,37.54979579
442,용산구,용산구 용산동3가(삼각지역 부근),5,5,126.9742048,37.53524852
443,용산구,용산구 보광동(81번종점 부근),4,5,126.9999392,37.52699527
444,용산구,용산구 갈월동(항강로-청파1로진출로 부근),3,3,126.9716871,37.54941769
445,용산구,용산구 남영동(숙대입구역 부근),3,3,126.9720653,37.54510134
446,성동구,성동구 마장동(마장현대아파트 부근),6,6,127.0419625,37.57047832
447,성동구,성동구 도선동(홍익동123빌딩 부근),5,5,127.0357599,37.56617275
448,성동구,성동구 행당동(왕십리역_왕십리길_진입_1 부근),5,5,127.0349228,37.5614499
449,성동구,성동구 금호동3가(금남시장 부근),5,5,127.0219156,37.54822227
450,성동구,성동구 금호동1가(논골사거리 부근),3,3,127.0249054,37.55670139
451,성동구,성동구 상왕십리동(상왕십리역 부근),3,3,127.0301342,37.56415242
452,성동구,성동구 성수동2가(성수사거리 부근),3,3,127.0636974,37.54224813
453,성동구,성동구 금호동1가(응봉현대아파트 부근),3,3,127.029921,37.5495247
454,성동구,성동구 옥수동(옥수동노인정 부근),3,3,127.0172486,37.54139243
455,광진구,광진구 중곡동(광제사약국 부근),5,5,127.0818212,37.56469263
456,광진구,광진구 구의동(영화사입구삼거리 부근),4,4,127.0932041,37.55503192
457,동대문구,동대문구 제기동(우리은행청량리중앙지점 부근),13,13,127.0413888,37.57906448
458,동대문구,동대문구 청량리동(청량리역_홍릉길_진입_1 부근),8,8,127.0449967,37.58136815
459,동대문구,동대문구 제기동(용두교앞 부근),6,6,127.0346189,37.57819993
460,동대문구,동대문구 이문동(사슴약국 부근),5,5,127.0620435,37.60082174
461,동대문구,동대문구 전농동(전농동사거리_전농로_진입_2 부근),5,5,127.0576006,37.57712361
462,동대문구,동대문구 제기동(양지장여관 부근),4,4,127.0372438,37.58821641
463,동대문구,동대문구 휘경동(외대앞역지하차도(동측) 부근),4,4,127.0642161,37.594819
464,동대문구,동대문구 답십리동(답십리사거리 부근),4,4,127.0580523,37.57277379
465,동대문구,동대문구 이문동(이문동우편취급소 부근),4,4,127.0620344,37.60490212
466,동대문구,동대문구 이문동(우영목욕탕 부근),3,3,127.0584606,37.59355487
467,동대문구,동대문구 장안동(동양빌딩 부근),3,3,127.068667,37.56762327
468,동대문구,동대문구 전농동(전농1동사무소 부근),3,3,127.0503325,37.57922324
469,중랑구,중랑구 상봉동(부국병원 부근),7,7,127.085857,37.59456224
470,중랑구,중랑구 묵동(묵동성심의원 부근),5,5,127.0794449,37.61698306
471,중랑구,중랑구 중화동(한미은행 부근),5,5,127.0779013,37.59436628
472,중랑구,중랑구 면목동(용마한신아파트 부근),3,3,127.0934016,37.58200566
473,중랑구,중랑구 신내동(중랑구청사거리 부근),3,3,127.095603,37.60704767
474,중랑구,중랑구 중화동(중흥초교 부근),3,3,127.0836753,37.60187349
475,중랑구,중랑구 면목동(면목2동사거리_일반국도3호선_진 부근),3,3,127.0799854,37.58757903
476,성북구,성북구 길음동(길음뉴타운 상가동 부근),7,7,127.022809,37.60379238
477,성북구,성북구 장위동(중고재활용센타 부근),6,6,127.0493605,37.61674852
478,성북구,성북구 돈암동(서경대입구 부근),6,6,127.0143063,37.60354526
479,성북구,성북구 동선동4가(엔젤오피스텔 부근),4,4,127.0194195,37.59465293
480,성북구,성북구 종암동(종암동 근린생활시설 부근),4,4,127.0342878,37.59926167
481,성북구,성북구 삼선동1가(한성대입구역_동소문로_진입_1 부근),4,6,127.0063748,37.58843981
482,성북구,성북구 하월곡동(원조산천칡냉면 부근),3,3,127.0408377,37.60127383
483,성북구,성북구 장위동(신한은행(장위지점) 부근),3,3,127.0516347,37.60988623
484,강북구,강북구 미아동(삼성생명 부근),9,10,127.0264765,37.62539007
485,강북구,강북구 미아동(솔샘빌딩 부근),8,8,127.0290874,37.61894702
486,강북구,강북구 수유동(북부안식일교회 부근),5,5,127.0179992,37.62868179
487,강북구,강북구 수유동(우이초등교앞 부근),5,7,127.0169699,37.64105117
488,강북구,강북구 미아동(목화빌라 부근),4,5,127.0249745,37.62957536
489,강북구,강북구 번동(강북보건소 부근),4,4,127.0390573,37.63285102
490,강북구,강북구 번동(강북유니온빌딩앞 부근),4,4,127.0427675,37.628291
491,강북구,강북구 미아동(유봉빌딩 부근),4,4,127.0309197,37.61408708
492,강북구,강북구 미아동(금강빌딩 부근),4,4,127.0154568,37.61932388
493,강북구,강북구 번동(용빌딩 부근),3,3,127.0342793,37.62624874
494,강북구,강북구 수유동(4.19탑 부근),3,5,127.0116265,37.64763027
495,강북구,강북구 미아동(삼양시장 부근),3,3,127.0196519,37.62487581
496,도봉구,도봉구 도봉동(신도봉사거리 부근),5,7,127.0440307,37.67134412
497,도봉구,도봉구 창동(남대문약국 부근),4,5,127.0379363,37.63758739
498,도봉구,도봉구 쌍문동(도봉전화국 부근),4,4,127.0354665,37.64797718
499,도봉구,도봉구 도봉동(극동쌍용아파트 부근),3,3,127.0273367,37.65325546
500,노원구,노원구 하계동(노원소방서 부근),4,4,127.0725384,37.63797555
501,노원구,노원구 공릉동(안성민치과의원 부근),4,4,127.0761316,37.62347741
502,노원구,노원구 상계동(마들역 부근),3,3,127.0572481,37.6644294
503,노원구,노원구 상계동(상계9동사무소 부근),3,3,127.0642186,37.66468984
504,은평구,은평구 응암동(증산손칼국수 부근),5,5,126.9127686,37.58773289
505,은평구,은평구 응암동(은현교회 부근),4,4,126.9157652,37.58596359
506,은평구,은평구 응암동(은평구청입구 부근),4,4,126.9261965,37.60045362
507,은평구,은평구 불광동(연서로-연천초교길진출로 부근),4,4,126.9241676,37.62037203
508,은평구,은평구 응암동(연흥초등학교 부근),3,3,126.918788,37.589996
509,은평구,은평구 갈현동(하나은행연신내지점 부근),3,3,126.9182577,37.61606993
510,은평구,은평구 불광동(연신초교삼거리 부근),3,3,126.9289413,37.62497761
511,은평구,은평구 증산동(증산역 부근),3,6,126.9098727,37.58420524
512,은평구,은평구 신사동(신사동고개_은평로_진입 부근),3,3,126.9111758,37.59816511
513,은평구,은평구 대조동(우성정육점 부근),3,3,126.9224369,37.61453477
514,은평구,은평구 녹번동(역촌역 부근),3,3,126.922624,37.60644127
515,은평구,은평구 갈현동(예원피아노 부근),3,3,126.9132659,37.61547942
516,서대문구,서대문구 홍제동(서부빌딩 부근),8,9,126.9446433,37.58809283
517,서대문구,서대문구 홍은동(홍은사거리_홍은중앙길_진입 부근),6,6,126.9418859,37.59158533
518,서대문구,서대문구 홍제동(충만한교회 부근),6,6,126.9478149,37.5936072
519,서대문구,서대문구 북아현동(SC제일은행 부근),4,4,126.9558144,37.56199151
520,서대문구,서대문구 북가좌동(고려가정의학과의원 부근),3,3,126.9138172,37.5819935
521,서대문구,서대문구 현저동(독립문_의주로_진출_2 부근),3,3,126.9598261,37.57248357
522,마포구,마포구 서교동(홍대입구역 부근),7,8,126.921492,37.55504297
523,마포구,마포구 망원동(상암교 부근),3,4,126.8998361,37.56607371
524,마포구,마포구 연남동(로얄빌딩 부근),3,3,126.9201861,37.56435469
525,마포구,마포구 노고산동(신촌로터리_신촌로_진출 부근),3,4,126.9356611,37.55442523
526,양천구,양천구 신정동(신정네거리역 부근),7,7,126.8526799,37.52034425
527,양천구,양천구 신월동(샛별유치원 부근),6,7,126.8371329,37.5186359
528,양천구,양천구 신정동(목동9-10단지 부근),5,5,126.8615105,37.51652397
529,양천구,양천구 신정동(김약국 부근),4,4,126.8511469,37.51663445
530,양천구,양천구 목동(목동초등학교 부근),3,3,126.8711575,37.52304239
531,양천구,양천구 신월동(선주빌라 부근),3,3,126.8302811,37.53278828
532,강서구,강서구 화곡동(화곡사거리 부근),7,7,126.8469646,37.53062787
533,강서구,강서구 등촌동(KBS88체육관 부근),5,8,126.8485708,37.55733357
534,강서구,강서구 등촌동(가양5단지 부근),4,4,126.8516289,37.56291521
535,강서구,강서구 화곡동(목동사거리 부근),4,4,126.8618637,37.5321823
536,구로구,구로구 개봉동(배남준치과의원앞 부근),5,5,126.8561968,37.48821573
537,구로구,구로구 구로동(구로초등교 부근),5,8,126.8828389,37.49513222
538,구로구,구로구 개봉동(개봉역 부근),5,5,126.8574038,37.49353647
539,구로구,구로구 가리봉동(햇살무리예능선교원 부근),5,5,126.8870318,37.48236349
540,구로구,구로구 구로동(기업은행구로북지점 부근),4,4,126.8911019,37.49643575
541,구로구,구로구 구로동(영서중 부근),4,4,126.8913531,37.48953299
542,구로구,구로구 구로동(구로4동우체국 부근),4,4,126.8841938,37.49010824
543,구로구,구로구 궁동(수궁동사무소입구삼거리 부근),4,5,126.8326149,37.49331788
544,구로구,구로구 오류동(시티월드앞 부근),3,4,126.8401157,37.49429625
545,구로구,구로구 오류동((주)유천인바이트 부근),3,3,126.8447952,37.493757
546,금천구,금천구 독산동(박재영과위원 부근),6,6,126.9020948,37.4682819
547,금천구,금천구 시흥동(장혁빌딩 부근),4,4,126.9053863,37.4574838
548,영등포구,영등포구 영등포동(영등포역고가차도(남측) 부근),6,6,126.9080208,37.51395653
549,영등포구,영등포구 영등포동6가(영등포시장앞 부근),5,5,126.905031,37.52100571
550,영등포구,영등포구 도림동(도림초등학교 부근),4,4,126.9071243,37.50940671
551,영등포구,영등포구 양평동2가(정진한의원 부근),3,3,126.8854958,37.52216182
552,영등포구,영등포구 신길동(엔-씨티오피스텔_노량진로_진입 부근),3,3,126.9182864,37.51462032
553,영등포구,영등포구 대림동(영등포구청 부근),2,2,126.8992835,37.52704012
554,동작구,동작구 대방동(상도3동주민센터 부근),7,10,126.9306857,37.50005749
555,동작구,동작구 상도동(상도지구대 부근),6,6,126.9395385,37.50426619
556,동작구,동작구 상도동(명수대상가 부근),5,5,126.9622062,37.50759722
557,동작구,동작구 노량진동(성애병원입구 부근),4,4,126.9247748,37.51094516
558,관악구,관악구 봉천동(현대시장입구 부근),5,5,126.9476158,37.48256432
559,관악구,관악구 봉천동(관악프라자 부근),5,5,126.9545164,37.48371206
560,관악구,관악구 신림동(뿌리약국 부근),4,4,126.9188793,37.47396485
561,관악구,관악구 신림동(봉림교(남단) 부근),4,6,126.9247634,37.48349249
562,관악구,관악구 봉천동(신우빌딩 부근),4,4,126.9409175,37.4829758
563,관악구,관악구 신림동(관악구-동작구경계(7) 부근),4,4,126.9129251,37.48736855
564,관악구,관악구 신림동(유완약국 부근),4,4,126.930179,37.46684995
565,관악구,관악구 봉천동(봉천고개 부근),3,3,126.9567508,37.4906387
566,관악구,관악구 신림동(신림우방아파트 부근),3,3,126.9175268,37.48940497
567,관악구,관악구 봉천동(보라매공원 부근),3,3,126.9267729,37.49231486
568,관악구,관악구 봉천동(조강빌딩 부근),3,3,126.9447742,37.47943863
569,관악구,관악구 봉천동(한독빌딩 부근),3,3,126.9476419,37.48678857
570,서초구,서초구 서초동(양재지하차도(서측) 부근),4,4,127.0317963,37.48491791
571,서초구,서초구 잠원동(반포쇼핑센타 부근),3,4,127.0040543,37.50652745
572,강남구,강남구 논현동(청하빌딩 부근),5,5,127.0238584,37.50769958
573,강남구,강남구 개포동(수서경찰서 부근),3,3,127.0763986,37.49249477
574,송파구,송파구 잠실동(송파구청 부근),4,6,127.1065153,37.51529061
575,송파구,송파구 가락동(금호아파트 부근),4,4,127.1163493,37.49520258
576,송파구,송파구 가락동(GS마트입구 부근),3,3,127.1163063,37.49157129
577,강동구,강동구 성내동(산경빌딩 부근),7,7,127.127708,37.53720129
578,강동구,강동구 길동(마루빌딩 부근),3,3,127.1399702,37.53749103
579,종로구,종로구 종로2가(종로3가 부근),9,12,126.9913097,37.57051653
580,종로구,종로구 낙원동(하나로빌딩 부근),7,7,126.9869781,37.5719975
581,종로구,종로구 숭인동(영도교(남단) 부근),6,7,127.0186342,37.57242433
582,종로구,종로구 창신동(동대문로터리 부근),5,5,127.0111107,37.57178171
583,종로구,종로구 종로5가(종로6가 부근),5,5,127.0048377,37.57112265
584,종로구,종로구 창신동(준남빌딩 부근),4,4,127.015538,37.57549877
585,중구,중구 남대문로5가(동자로터리_한강로_진입 부근),6,7,126.9722753,37.55493928
586,중구,중구 신당동(약수역_다산로_진출_1 부근),5,12,127.0095495,37.55312371
587,중구,중구 서소문동(제일화재해상보험(주)_서소문로_ 부근),2,2,126.9752586,37.56362111
588,용산구,용산구 효창동(효창공원앞역 부근),4,4,126.9617208,37.5400423
589,성동구,성동구 성수동2가(성수쇼핑센타 부근),4,4,127.0549399,37.54713058
590,성동구,성동구 용답동(답십리역 부근),4,4,127.0534008,37.56419063
591,성동구,성동구 응봉동(응봉삼거리 부근),3,3,127.0342644,37.55464031
592,성동구,성동구 금호동3가(주택은행금호동지점 부근),3,3,127.0196603,37.54834267
593,성동구,성동구 성수동1가(뚝섬역 부근),3,3,127.0445321,37.54700827
594,성동구,성동구 성수동1가(응봉교_광나룻길_진출_1 부근),3,3,127.0361045,37.54651079
595,성동구,성동구 행당동(무학여고앞 부근),3,3,127.0338321,37.55824654
596,성동구,성동구 금호동3가(왕십리역_왕십리역길_진출_1 부근),3,3,127.0362744,37.56108236
597,성동구,성동구 마장동(도선사거리_마장로_진입_1 부근),2,2,127.0374551,37.56588189
598,광진구,광진구 중곡동(용마사거리 부근),3,3,127.0829505,37.56186741
599,동대문구,동대문구 제기동(성바오로병원앞 부근),15,16,127.0419829,37.579994
600,동대문구,동대문구 용두동(경동시장 부근),12,14,127.0383295,37.57824298
601,동대문구,동대문구 청량리동(옥치과의원 부근),8,8,127.0456734,37.58042964
602,동대문구,동대문구 전농동(전농동사거리_사가정길_진입_2 부근),8,10,127.0572617,37.57751265
603,동대문구,동대문구 제기동(양지장여관 부근),7,8,127.0374455,37.58789792
604,동대문구,동대문구 휘경동(백합빌딩 부근),6,6,127.0578202,37.59007783
605,동대문구,동대문구 신설동(황학교(북단)_난계로_진출_1 부근),5,5,127.0245816,37.57289422
606,동대문구,동대문구 이문동(사슴약국 부근),4,4,127.0615993,37.59927119
607,동대문구,동대문구 장안동(장안동우리은행 부근),4,4,127.0683697,37.56530595
608,동대문구,동대문구 이문동(휘경성모의원 부근),4,4,127.0623491,37.59558156
609,동대문구,동대문구 용두동(홍명약국 부근),4,5,127.0413198,37.57556844
610,동대문구,동대문구 전농동(전농굴다리 부근),4,4,127.0452597,37.57698631
611,동대문구,동대문구 휘경동(중랑교(중랑로터리) 부근),3,3,127.0666924,37.59194535
612,중랑구,중랑구 신내동(상봉리빙프라자 부근),6,8,127.0973295,37.59924283
613,중랑구,중랑구 망우동(청광아파트 부근),4,5,127.1042683,37.60067156
614,중랑구,중랑구 망우동(능산지하차도(남측) 부근),4,5,127.1004251,37.60177913
615,중랑구,중랑구 망우동(E-마트 부근),4,5,127.0929958,37.59620949
616,중랑구,중랑구 망우동(동원사거리 부근),3,3,127.0934617,37.58970337
617,중랑구,중랑구 중화동(성은교회앞 부근),3,4,127.077425,37.60332046
618,성북구,성북구 동선동2가(돈암동천주교회 부근),9,9,127.0168462,37.59076185
619,성북구,성북구 정릉동(정릉지구대 부근),6,6,127.0109916,37.60605044
620,성북구,성북구 길음동(길음역로터리 부근),5,5,127.0243202,37.60388235
621,성북구,성북구 종암동(종암동 근린생활시설 부근),5,5,127.0345756,37.5986132
622,성북구,성북구 장위동(그린빌아파트 부근),4,6,127.0424812,37.61761737
623,성북구,성북구 석관동(석관1동로터리_석계길_진입_1 부근),4,5,127.0637813,37.61159416
624,성북구,성북구 장위동(장위동우체국 부근),4,4,127.0552789,37.61245983
625,성북구,성북구 동소문동6가(기분좋은날 부근),4,4,127.013816,37.59247727
626,성북구,성북구 장위동(장위초교 부근),4,4,127.050137,37.61346693
627,성북구,성북구 상월곡동(부동산 부근),4,4,127.0473413,37.6078959
628,성북구,성북구 안암동5가(안암오거리_무학로_진입_1 부근),3,5,127.0296551,37.58161667
629,성북구,성북구 동소문동4가(성북녹십자약국 부근),3,4,127.011015,37.59004409
630,성북구,성북구 동선동5가(흥천사입구 부근),3,3,127.0150919,37.59645594
631,성북구,성북구 돈암동(고명정보산업고 부근),3,3,127.0219524,37.59865551
632,성북구,성북구 하월곡동(이삭교회 부근),3,3,127.0382657,37.60248873
633,성북구,성북구 정릉동(대왕기업운수(주) 부근),3,3,127.0086963,37.61123854
634,성북구,성북구 안암동5가(고대앞사거리_안암로_진입_2 부근),2,2,127.0319497,37.58551304
635,강북구,강북구 수유동(수유역 부근),9,10,127.0261985,37.63874426
636,강북구,강북구 미아동(삼양사거리 부근),5,7,127.0210969,37.61924836
637,강북구,강북구 미아동(두산힐스빌 부근),5,5,127.0269453,37.62604609
638,강북구,강북구 미아동(삼양시장 부근),4,4,127.018427,37.62514484
639,강북구,강북구 수유동(화계사입구 부근),4,7,127.0174349,37.63444138
640,강북구,강북구 미아동(미아동소방소앞 부근),4,4,127.0164907,37.62011289
641,강북구,강북구 수유동(광산타워 부근),4,4,127.022453,37.64107527
642,강북구,강북구 미아동(백산모텔 부근),4,4,127.0245344,37.63486463
643,강북구,강북구 번동(강북유니온빌딩앞 부근),3,3,127.0430656,37.6283132
644,강북구,강북구 미아동(송중초등교 부근),3,3,127.0314485,37.61647773
645,강북구,강북구 수유동(우이시장 부근),3,3,127.019012,37.64560402
646,강북구,강북구 미아동(방천시장입구 부근),2,2,127.0343022,37.61311051
647,도봉구,도봉구 방학동(방학프라자 부근),4,6,127.035884,37.66516533
648,도봉구,도봉구 창동(창동견인보관소앞 부근),4,4,127.0477592,37.65486226
649,도봉구,도봉구 도봉동(오일뱅크 부근),3,3,127.0439992,37.67331312
650,도봉구,도봉구 방학동(LG대경주유소 부근),3,3,127.0431981,37.66610845
651,도봉구,도봉구 방학동(방학신동아APT 부근),3,3,127.0316618,37.66194205
652,도봉구,도봉구 쌍문동(쌍문3파출소 부근),3,3,127.0264333,37.64792344
653,노원구,노원구 상계동(LG하이프라자 부근),4,4,127.0552487,37.677195
654,노원구,노원구 중계동(상명여자중고등학교 부근),3,4,127.0675639,37.64729478
655,노원구,노원구 공릉동(하계지하차도(남측) 부근),3,3,127.0705517,37.63029987
656,노원구,노원구 상계동(상계초교입구 부근),3,3,127.0661543,37.65683748
657,은평구,은평구 불광동(신한은행연신내지점 부근),8,9,126.9211834,37.61897492
658,은평구,은평구 대조동(대조.불광시장 부근),6,6,126.9260655,37.60876492
659,은평구,은평구 역촌동(서부경찰서 부근),5,5,126.9185658,37.60321126
660,은평구,은평구 응암동(연흥초등학교 부근),5,5,126.9181664,37.58953071
661,은평구,은평구 신사동(새절역 부근),4,4,126.9140963,37.59216606
662,은평구,은평구 갈현동(구산사거리 부근),4,5,126.9125007,37.61334081
663,은평구,은평구 응암동(응암시장 부근),3,3,126.9182093,37.59400266
664,은평구,은평구 역촌동(신사연세치과 부근),3,3,126.9102767,37.60047645
665,은평구,은평구 불광동(광서교회 부근),3,3,126.9253576,37.6192429
666,서대문구,서대문구 영천동(교남동사무소 부근),6,7,126.9614346,37.57072056
667,서대문구,서대문구 남가좌동(남가좌동사거리 부근),5,5,126.9230854,37.57749246
668,서대문구,서대문구 북가좌동(북가좌사거리 부근),4,4,126.9132158,37.58252738
669,서대문구,서대문구 연희동(연희IC_연희로_진출_2 부근),4,4,126.9301733,37.56581843
670,서대문구,서대문구 북가좌동(서대문구-은평구경계(1) 부근),4,4,126.9030984,37.5771301
671,서대문구,서대문구 홍제동(서부빌딩 부근),3,3,126.9456416,37.58863298
672,서대문구,서대문구 홍제동(인왕APT 부근),3,3,126.9486832,37.58437881
673,마포구,마포구 동교동(동교동삼거리_연희로_진출 부근),5,5,126.9269433,37.55918175
674,마포구,마포구 도화동(진도빌딩 부근),3,3,126.94809,37.54039362
675,마포구,마포구 아현동(굴레방다리_굴레방길_진출 부근),3,3,126.9559525,37.55701671
676,마포구,마포구 염리동(서울여고 부근),2,2,126.9473533,37.54531953
677,양천구,양천구 신월동(신월사거리 부근),7,8,126.8270925,37.53566414
678,양천구,양천구 목동(SC제일은행등촌지점 부근),4,4,126.8633772,37.54853187
679,양천구,양천구 신정동(동보빌딩 부근),3,4,126.8633011,37.52783101
680,양천구,양천구 신월동(신월고가차도(남측) 부근),3,3,126.8414211,37.52473028
681,강서구,강서구 방화동(방화5단지3R 부근),5,5,126.81181,37.57632768
682,강서구,강서구 방화동(동화나라어린이집 부근),4,4,126.8144274,37.56760753
683,강서구,강서구 화곡동(화곡초등학교 부근),4,4,126.845046,37.54336831
684,강서구,강서구 화곡동(신정여상 부근),4,5,126.8565272,37.53152089
685,강서구,강서구 염창동(태진아파트앞 부근),2,2,126.8746916,37.54970248
686,구로구,구로구 개봉동(중원오피스텔 부근),6,6,126.8520575,37.49869785
687,구로구,구로구 가리봉동(햇살무리예능선교원 부근),4,4,126.8873738,37.48247262
688,구로구,구로구 구로동(풍국상회 부근),4,4,126.8884102,37.49131127
689,구로구,구로구 고척동(삼영아파트 부근),3,3,126.8571045,37.49944557
690,구로구,구로구 고척동(의성빌딩 부근),3,3,126.8665695,37.50036294
691,구로구,구로구 구로동(고대구로병원_구로동길_진입 부근),2,2,126.8836558,37.49203347
692,구로구,구로구 오류동(새마을금고오류2동지점 부근),2,2,126.8398365,37.49123975
693,금천구,금천구 가산동(모텔케슬 부근),3,3,126.8892951,37.47895451
694,금천구,금천구 독산동(시흥IC_남부순환로_진입_4 부근),3,3,126.8974313,37.47825501
695,금천구,금천구 독산동(한진어패럴 부근),3,5,126.9033965,37.4740977
696,금천구,금천구 시흥동(시흥사거리 부근),3,4,126.9020176,37.4545244
697,금천구,금천구 독산동(가산중(가남물산앞) 부근),3,3,126.8943672,37.46645852
698,금천구,금천구 독산동(신평대일타운 부근),2,2,126.8937465,37.47487883
699,영등포구,영등포구 영등포동4가(경방필백화점 부근),8,8,126.906896,37.5187568
700,영등포구,영등포구 영등포동6가(영등포농협공판장 부근),6,6,126.9017121,37.52209486
701,영등포구,영등포구 신길동(대신시장 부근),5,5,126.917181,37.51236268
702,영등포구,영등포구 당산동3가(영등포경찰서_제물포길_진입 부근),3,3,126.9013247,37.52681916
703,영등포구,영등포구 대림동(대림사거리 부근),3,3,126.904803,37.49003301
704,영등포구,영등포구 대림동(대림우성아파트사거리_대림로_진 부근),3,3,126.8986909,37.49578068
705,영등포구,영등포구 신길동(도림사거리 부근),3,3,126.9008365,37.50647807
706,영등포구,영등포구 신길동(우신초등교앞 부근),3,3,126.910606,37.50981171
707,동작구,동작구 상도동(덕신빌딩 부근),8,10,126.9373462,37.50476703
708,동작구,동작구 상도동(성대약국 부근),6,6,126.9321809,37.50003048
709,동작구,동작구 사당동(사당시장 부근),5,5,126.9733216,37.48277885
710,동작구,동작구 흑석동(명수대상가 부근),3,3,126.9616645,37.50744641
711,관악구,관악구 남현동(사당고가차도(서측) 부근),7,7,126.9792411,37.47747834
712,관악구,관악구 신림동(난곡우체국앞 부근),5,6,126.9159355,37.47669854
713,관악구,관악구 봉천동(임마누엘교회 부근),5,5,126.9434651,37.48312185
714,관악구,관악구 봉천동(봉천광성교회 부근),4,4,126.9568698,37.47891866
715,관악구,관악구 신림동(신림교(북단) 부근),4,4,126.929097,37.48176935
716,관악구,관악구 신림동(뿌리약국 부근),4,4,126.9189723,37.47398473
717,관악구,관악구 봉천동(봉천11동사무소 부근),3,3,126.9658188,37.47475293
718,관악구,관악구 봉천동(보라매공원_신림로_진입 부근),3,3,126.9269344,37.49220478
719,관악구,관악구 봉천동(청림경로당 부근),3,3,126.9580942,37.48634247
720,관악구,관악구 봉천동(진아빌리지 부근),2,2,126.9373383,37.48633492
721,서초구,서초구 방배동(대성문구인쇄 부근),10,11,126.9802674,37.48474969
722,서초구,서초구 서초동(국제전자센타 부근),3,3,127.0175424,37.48522111
723,서초구,서초구 방배동(서울고교 부근),3,3,127.0044278,37.48254387
724,서초구,서초구 서초동(서초초교 부근),3,3,127.0237214,37.49800427
725,서초구,서초구 방배동(방림종합시장입구 부근),3,3,126.9962997,37.48231363
726,서초구,서초구 서초동(탑스벤쳐타운입구 부근),2,2,127.0090789,37.4836206
727,강남구,강남구 도곡동(삼성엔지니어링 사옥 부근),6,6,127.0523666,37.48820996
728,강남구,강남구 도곡동(양재역_강남대로_진입_2 부근),4,4,127.0343982,37.48549622
729,강남구,강남구 대치동(은마아파트입구 부근),3,3,127.061039,37.49876425
730,강남구,강남구 수서동(수서역_국가지원지방도23호선_진 부근),3,3,127.1021843,37.48706243
731,송파구,송파구 잠실동(잠전초교입구 부근),3,3,127.0808608,37.50514805
732,송파구,송파구 마천동(구본빌딩 부근),3,4,127.1544863,37.49600936
733,송파구,송파구 풍납동(풍납제1경노당 부근),3,4,127.1184273,37.53401106
734,강동구,강동구 성내동(동신빌딩 부근),4,5,127.1321746,37.5326756
735,강동구,강동구 성내동(천호사거리_풍납로_진입 부근),4,4,127.1225674,37.53675547
736,강동구,강동구 암사동(공간미술학원 부근),3,4,127.1353148,37.55256023
737,강동구,강동구 명일동(명일역 부근),3,3,127.1442899,37.55074884
738,강동구,강동구 성내동(삼성A상가 부근),3,3,127.1269629,37.53145144
739,강동구,강동구 길동(천호시장 부근),3,3,127.127102,37.54046243
740,종로구,종로구 종로2가(탑골공원 부근),6,9,126.9882507,37.57038999
741,종로구,종로구 숭인동(동묘앞역 부근),4,4,127.0174411,37.57359431
742,종로구,종로구 창신동(청계7가사거리 부근),4,6,127.0158684,37.56970945
743,종로구,종로구 내자동(우리은행효자동지점 부근),3,3,126.9720849,37.57810005
744,종로구,종로구 종로6가(동대문역 부근),3,3,127.0081933,37.57197024
745,종로구,종로구 견지동(안국동사거리~우정국로 부근),3,3,126.9831818,37.57411094
746,종로구,종로구 종로4가(승보약국 부근),3,4,126.9961101,37.57070153
747,중구,중구 신당동(신당역 부근),5,5,127.0210865,37.56558087
748,중구,중구 남대문로5가(도동삼거리 부근),4,5,126.9764928,37.55602341
749,중구,중구 봉래동2가(서울역1호선 부근),4,4,126.972732,37.55535323
750,중구,중구 북창동(소니서비스센터남대문점 부근),3,5,126.978017,37.56105342
751,용산구,용산구 이태원동(대성옵티마약국 부근),4,4,126.9891328,37.53934084
752,용산구,용산구 한남동(라멘81번옥 부근),3,3,127.0068415,37.53001942
753,용산구,용산구 용문동(파리바게트원효로점 부근),3,3,126.9615283,37.53580648
754,용산구,용산구 보광동(IBK기업은행보광동점 부근),3,3,126.9993519,37.52790578
755,용산구,용산구 남영동(숙대입구역3번출구 부근),3,3,126.9719031,37.54510701
756,성동구,성동구 행당동(왕십리역11번출구~홈플러스익스프레스왕십리점),5,5,127.0339967,37.56211792
757,성동구,성동구 사근동(한양대후문약국 부근),4,5,127.0419818,37.55949949
758,성동구,성동구 행당동(행당과선교 부근),2,2,127.0393945,37.55810093
759,광진구,광진구 중곡동(신성골목시장 부근),5,7,127.0893464,37.55791825
760,광진구,광진구 군자동(화양사거리 부근),4,4,127.0681746,37.54826773
761,광진구,광진구 구의동(슬기유치원 부근),3,3,127.0919836,37.55128274
762,동대문구,동대문구 제기동(왕산로29길 부근),11,11,127.0408369,37.57989011
763,동대문구,동대문구 신설동(신삼송빌딩앞 부근),10,10,127.0232837,37.57398168
764,동대문구,동대문구 전농동(청량리역사거리 부근),9,9,127.0458916,37.58079261
765,동대문구,동대문구 제기동(KB국민은행홍릉지점 부근),6,6,127.041387,37.58668202
766,동대문구,동대문구 전농동(성모온누리약국 부근),5,6,127.0440418,37.57801628
767,동대문구,동대문구 제기동(제기동역1번출구 부근),5,5,127.0339589,37.57828899
768,동대문구,동대문구 장안동(배봉초교사거리 부근),4,4,127.0687406,37.57869253
769,동대문구,동대문구 회기동(IBK기업은행회기역지점 부근),4,5,127.0559112,37.58996466
770,동대문구,동대문구 제기동(영양물산 부근),4,4,127.0375555,37.58280396
771,동대문구,동대문구 휘경동(삼성디지털프라자휘경점 부근),3,3,127.0654024,37.59100058
772,동대문구,동대문구 휘경동(외대앞역교차로 부근),3,4,127.0646632,37.59450399
773,중랑구,중랑구 면목동(사가정역 부근),7,7,127.0885194,37.58128954
774,중랑구,중랑구 망우동(산마루한의원 부근),4,6,127.1040067,37.60046525
775,중랑구,중랑구 망우동(호텔스타상봉 부근),4,6,127.0936444,37.59802672
776,중랑구,중랑구 묵동(다솔한의원 부근),4,4,127.0782783,37.61220119
777,중랑구,중랑구 면목동(삼대냉면 부근),4,4,127.0905653,37.58908946
778,중랑구,중랑구 중화동(경희제일한의원 부근),3,3,127.0770654,37.60480639
779,중랑구,중랑구 면목동(우림목재합판 부근),2,2,127.0827161,37.59199943
780,성북구,성북구 동소문동5가(빽다방성신여대입구역점 부근),9,9,127.016585,37.59273313
781,성북구,성북구 하월곡동(성북트리즘빌딩사거리 부근),8,9,127.0381594,37.60244866
782,성북구,성북구 동선동2가(바람마당교 부근),7,7,127.0173188,37.58937487
783,성북구,성북구 길음동(박찬유치과의원 부근),5,5,127.0236905,37.60345834
784,성북구,성북구 장위동(성심가정의학과의원 부근),5,5,127.0490079,37.61334639
785,성북구,성북구 장위동(KEB하나은행장위동지점 부근),4,4,127.050727,37.61575051
786,성북구,성북구 장위동(나약국 부근),4,4,127.0430501,37.61414716
787,성북구,성북구 정릉동(도미노피자정릉점 부근),3,3,127.0103986,37.60736084
788,성북구,성북구 길음동(삼양로10길 부근),3,3,127.0235217,37.60861334
789,성북구,성북구 종암동(사대부고앞 부근),3,3,127.0362932,37.59335324
790,성북구,성북구 정릉동(정릉4동주민센터사거리 부근),3,3,127.0074741,37.6127477
791,성북구,성북구 석관동(돌곶이역 부근),3,3,127.0571769,37.6109744
792,강북구,강북구 수유동(수유역 부근),8,10,127.025487,37.63809507
793,강북구,강북구 미아동(미아역 부근),6,11,127.0260883,37.62608462
794,강북구,강북구 수유동(화계역 부근),6,6,127.0172349,37.63420424
795,강북구,강북구 미아동(삼양사거리역 부근),5,5,127.0205322,37.62125643
796,강북구,강북구 미아동(창문여고앞삼거리 부근),3,3,127.0374207,37.61270665
797,강북구,강북구 수유동(광산사거리 부근),3,3,127.0224472,37.6435111
798,도봉구,도봉구 창동(창동지하차도 부근),4,4,127.0480003,37.65212293
799,도봉구,도봉구 도봉동(도봉산역1번출구 부근),4,4,127.045602,37.68887431
800,도봉구,도봉구 쌍문동(숭미파출소사거리 부근),3,3,127.0257908,37.64736203
801,도봉구,도봉구 창동(신창교 부근),3,3,127.0395252,37.63377648
802,도봉구,도봉구 도봉동(도봉역2번출구 부근),2,2,127.0451855,37.67749932
803,노원구,노원구 상계동(우물집원조추어탕순대국 부근),4,4,127.0820408,37.6712348
804,노원구,노원구 상계동(수락산역4번출구 부근),4,4,127.0557887,37.6758733
805,노원구,노원구 상계동(한국전력공사노원도봉지사 부근),3,4,127.0549603,37.6545061
806,노원구,노원구 공릉동(배꽃나라주유소 부근),3,3,127.0791064,37.61855918
807,노원구,노원구 공릉동(공릉볼링센타 부근),3,3,127.075654,37.62151673
808,은평구,은평구 응암동(응암오거리 부근),6,6,126.9169912,37.59016045
809,은평구,은평구 신사동(와산교교차로 부근),5,5,126.9125654,37.58884105
810,은평구,은평구 불광동(연신내역 부근),4,7,126.9211094,37.61920824
811,은평구,은평구 역촌동(역말사거리 부근),3,3,126.9155916,37.60486002
812,은평구,은평구 응암동(드림캐시아주상복합 부근),3,5,126.9209351,37.5986489
813,은평구,은평구 대조동(대조불광시장교차로 부근),3,3,126.9266343,37.60887012
814,은평구,은평구 불광동(불광지구대 부근),3,3,126.9256577,37.6211521
815,서대문구,서대문구 북가좌동(북가좌사거리 부근),5,5,126.9124703,37.58168186
816,서대문구,서대문구 홍은동(홍연2교교차로 부근),4,4,126.93011,37.57858115
817,서대문구,서대문구 홍제동(홍제역 부근),4,4,126.9445665,37.58876482
818,서대문구,서대문구 홍제동(홍제삼거리 부근),3,5,126.9469741,37.58612449
819,서대문구,서대문구 홍제동(홍제교 부근),3,3,126.9444611,37.59197085
820,서대문구,서대문구 홍은동(홍은파출소 부근),3,4,126.9462278,37.59512539
821,서대문구,서대문구 홍제동(7호포차 부근),2,2,126.9374059,37.58890261
822,마포구,마포구 성산동(가좌삼거리 부근),5,5,126.9141663,37.56962487
823,마포구,마포구 서교동(서교동사거리 부근),5,5,126.9181483,37.55267223
824,마포구,마포구 망원동(한강공원입구교차로 부근),5,5,126.8991251,37.55591194
825,마포구,마포구 망원동(LG베스트샵월드컵점 부근),4,4,126.9047398,37.56184513
826,양천구,양천구 목동(다이소등촌시장점 부근),6,6,126.8653482,37.54858238
827,양천구,양천구 신월동(으뜸공원 부근),4,4,126.8303978,37.53639678
828,양천구,양천구 신월동(양천경찰서 부근),3,4,126.86549,37.51696003
829,양천구,양천구 신정동(홍익병원 부근),3,3,126.8639078,37.52875975
830,강서구,강서구 방화동(신월초교입구교차로 부근),4,4,126.8416194,37.54085806
831,강서구,강서구 화곡동(KEB하나은행공항로지점 부근),4,4,126.854331,37.55520677
832,강서구,강서구 염창동(염창역 부근),4,4,126.8740657,37.54700847
833,강서구,강서구 공항동(송정역1번출구 부근),3,4,126.8109464,37.56137008
834,강서구,강서구 화곡동(21세기국민약국 부근),3,3,126.858917,37.53197151
835,구로구,구로구 구로동(신구로자이주상복합 부근),4,4,126.8840811,37.49962508
836,구로구,구로구 구로동(킴스안경클럽 부근),4,4,126.8847042,37.48847839
837,구로구,구로구 개봉동(GS25개봉당곡점 부근),4,4,126.8547708,37.48812331
838,구로구,구로구 개봉동(경인중 부근),3,3,126.8535576,37.49773008
839,구로구,구로구 가리봉동(블루핸즈공단서비스센타 부근),3,3,126.8874293,37.48149615
840,구로구,구로구 오류동(오류동역앞교차로 부근),3,3,126.8435341,37.49612091
841,구로구,구로구 개봉동(개봉1동사거리 부근),2,2,126.8466968,37.50153857
842,금천구,금천구 시흥동(에벤에셀프라자아파트 부근),6,6,126.9100869,37.45062413
843,금천구,금천구 시흥동(시흥사거리 부근),4,4,126.9015893,37.45435098
844,금천구,금천구 시흥동(세븐일레븐시흥초교점 부근),4,4,126.9057236,37.45627371
845,영등포구,영등포구 영등포동3가(영등포시장앞 부근),8,9,126.9050161,37.51994419
846,영등포구,영등포구 신길동(우신초교앞 부근),4,4,126.9104665,37.50977806
847,영등포구,영등포구 당산동1가(영등포유통상가교차로 부근),3,5,126.8956075,37.52082038
848,영등포구,영등포구 대림동(살레시오청소년센터 부근),3,3,126.9051952,37.49442552
849,영등포구,영등포구 신길동(신길삼거리 부근),3,4,126.9192556,37.51437709
850,영등포구,영등포구 문래동3가(모드니주유소 부근),2,2,126.900632,37.51448075
851,동작구,동작구 상도동(상도3동주민센터 부근),8,8,126.9314768,37.4995045
852,동작구,동작구 대방동(신대방삼거리역교차로 부근),6,6,126.9279325,37.49888489
853,동작구,동작구 흑석동(이마트에브리데이흑석동점 부근),4,4,126.9608558,37.50736432
854,동작구,동작구 노량진동(이마트24동작삼익점 부근),4,4,126.9446009,37.51064345
855,동작구,동작구 대방동(롯데하이마트대방점 부근),3,5,126.9225773,37.50537309
856,동작구,동작구 사당동(이수역사거리 부근),3,3,126.9827672,37.48561574
857,동작구,동작구 사당동(동작대로1길 부근),3,3,126.9811537,37.47714395
858,동작구,동작구 사당동(밝은서울정신건강의학과의원 부근),2,2,126.9822366,37.48270389
859,관악구,관악구 신림동(신림교 부근),7,7,126.9295314,37.48211584
860,관악구,관악구 신림동(난곡새마을금고본점 부근),5,5,126.9199551,37.47430852
861,관악구,관악구 신림동(미가할매집 부근),4,4,126.9286178,37.48778857
862,관악구,관악구 봉천동(봉천역 부근),4,4,126.9420992,37.48233913
863,관악구,관악구 봉천동(서울대입구역 부근),4,4,126.9509183,37.48135355
864,관악구,관악구 신림동(신림현대아파트교차로 부근),3,4,126.9095742,37.48535028
865,관악구,관악구 신림동(금천경찰서 부근),2,2,126.9096051,37.48104388
866,서초구,서초구 잠원동(신사역5번출구 부근),5,6,127.0191664,37.51596404
867,서초구,서초구 방배동(방배역 부근),3,3,126.997159,37.48195431
868,강남구,강남구 도곡동(언주초교 부근),3,4,127.0366555,37.48565815
869,송파구,송파구 삼전동(시온정비센터 부근),5,5,127.0859028,37.50195249
870,송파구,송파구 마천동(착한깡통 부근),5,5,127.1506031,37.49722878
871,송파구,송파구 문정동(가락시장역3호선 부근),4,4,127.1161296,37.4918583
872,송파구,송파구 석촌동(석촌역 부근),3,3,127.1061078,37.50650811
873,송파구,송파구 방이동(포레스트요양병원 부근),3,3,127.1138471,37.51183422
874,송파구,송파구 신천(잠실역8호선 부근),3,5,127.1031037,37.51445518
875,강동구,강동구 명일동(성덕고 부근),6,6,127.1429117,37.55038574
876,강동구,강동구 암사동(CU암사중앙점 부근),5,5,127.1287094,37.55129577
877,강동구,강동구 명일동(샛마을근린공원 부근),4,4,127.1470963,37.54974521
878,강동구,강동구 길동(천동초교입구교차로 부근),4,4,127.141212,37.5410049
879,강동구,강동구 천호동(동신중 부근),4,4,127.134201,37.53722473
880,강동구,강동구 고덕동(상일동역1번출구 부근),3,3,127.1640366,37.5564715
881,강동구,강동구 성내동(CU성내제일점 부근),3,4,127.1312763,37.52892316
882,종로구,종로구 낙원동(낙원지하상가 부근),9,9,126.9877286,37.57258091
883,종로구,종로구 종로3가(IBK기업은행 종로지점 부근),9,9,126.9903853,37.57023557
884,종로구,종로구 숭인동(연세김치과의원 부근),5,6,127.021448,37.57504789
885,중구,중구 남대문로5가(서울역9-1번출구 부근),5,5,126.9727207,37.55488288
886,중구,중구 방산동(향기나무한의원 부근),3,4,127.002822,37.57116695
887,중구,중구 신당동(신당중앙시장 부근),3,3,127.0195909,37.56553376
888,중구,중구 을지로5가(오장동사거리 부근),2,3,127.0027071,37.56471141
889,용산구,용산구 한남동(순천향병원 부근),7,7,127.0058221,37.53345082
890,용산구,용산구 문배동(원효빌딩 부근),3,4,126.9662077,37.53801369
891,용산구,용산구 한남동(가봉대사관 부근),2,2,126.9993705,37.5357344
892,용산구,용산구 이태원동(한스양복 부근),2,2,126.9889524,37.53344326
893,성동구,성동구 성수동2가(뚝도시장약국 부근),3,3,127.054355,37.53765356
894,성동구,성동구 금호동4가(KB국민은행금호동지점 부근),3,3,127.0233075,37.54805099
895,광진구,광진구 구의동(구의공원입구 부근),2,2,127.0949983,37.53642961
896,동대문구,동대문구 용두동(동서시장 부근),15,16,127.0409278,37.57906179
897,동대문구,동대문구 청량리동(청량리우체국 부근),13,15,127.0453332,37.58064593
898,동대문구,동대문구 휘경동(회기역앞 부근),4,4,127.0559657,37.59047037
899,동대문구,동대문구 답십리동(한화꿈에그린아파트입구 부근),4,4,127.0542924,37.56672548
900,동대문구,동대문구 이문동(신이문역1번출구 부근),4,4,127.0674241,37.60285159
901,동대문구,동대문구 장안동(새서울병원 부근),4,4,127.0720513,37.57364182
902,동대문구,동대문구 휘경동(중량약국 부근),4,4,127.0668117,37.59202184
903,동대문구,동대문구 장안동(장안2동 주민센터 부근),3,3,127.0702017,37.57887691
904,동대문구,동대문구 이문동(한솔고시텔 부근),3,3,127.0620721,37.59979432
905,중랑구,중랑구 면목동(브리앙아파트 부근),6,6,127.0931892,37.59196378
906,중랑구,중랑구 면목동(조은노인요양센터 부근),5,5,127.0944647,37.58631109
907,중랑구,중랑구 망우동(이마트상봉점 부근),5,5,127.0939305,37.59722222
908,중랑구,중랑구 중화동(중화역사거리 부근),5,5,127.0794186,37.60145457
909,중랑구,중랑구 면목동(면목2동사거리 부근),4,4,127.0796372,37.58666248
910,중랑구,중랑구 상봉동(상봉역1번출구 부근),3,3,127.0872492,37.59683193
911,중랑구,중랑구 면목동(일신강변아파트 부근),3,3,127.0742659,37.58711193
912,성북구,성북구 장위동(KB국민은행장위동지점 부근),6,6,127.0490183,37.61349965
913,성북구,성북구 정릉동(정릉우체국 부근),5,5,127.0109629,37.60615115
914,성북구,성북구 하월곡동(부모섬김노인요양원 부근),4,4,127.0341589,37.61107666
915,성북구,성북구 하월곡동(정평빌딩 부근),3,3,127.0428477,37.60349805
916,성북구,성북구 동소문동2가(성북녹십자약국1호점 부근),2,3,127.0084053,37.58961393
917,강북구,강북구 수유동(이상인한의원 부근),5,5,127.0107245,37.64569416
918,강북구,강북구 미아동(미래본경희한의원 부근),5,8,127.0183421,37.61997634
919,강북구,강북구 미아동(GS25미아진영점 부근),5,5,127.0286863,37.62045704
920,강북구,강북구 미아동(기아오토큐미아점 부근),4,4,127.0222126,37.61134812
921,강북구,강북구 미아동(수유시장 부근),4,4,127.024259,37.63083651
922,강북구,강북구 미아동(삼양입구사거리 부근),4,4,127.0297198,37.61701316
923,강북구,강북구 수유동(광은빌딩 부근),4,5,127.0179301,37.62921808
924,강북구,강북구 번동(세븐일레븐 번동점 부근),3,3,127.0257058,37.63485338
925,강북구,강북구 수유동(수유역 부근),3,3,127.0257134,37.63814105
926,강북구,강북구 수유동(프레비스타 부근),2,2,127.0128474,37.62907074
927,도봉구,도봉구 쌍문동(신원프라자 부근),4,4,127.0355342,37.65851192
928,도봉구,도봉구 창동(쌍문역 부근),4,4,127.0353739,37.64915026
929,도봉구,도봉구 쌍문동(쌍문1동주민센터 부근),3,3,127.0263577,37.64831391
930,도봉구,도봉구 창동(가인초교 부근),3,4,127.0424836,37.65920841
931,도봉구,도봉구 도봉동(부부약국 부근),3,3,127.0436523,37.68443994
932,도봉구,도봉구 도봉동(도봉중 부근),3,3,127.0459487,37.67134362
933,노원구,노원구 월계동(S-OIL 신성주유소 부근),5,6,127.0569141,37.62904165
934,노원구,노원구 중계동(상계역 부근),5,5,127.0724583,37.65995734
935,노원구,노원구 상계동(성광빌딩 부근),5,5,127.0623468,37.65713241
936,노원구,노원구 상계동(수락산역 부근),3,3,127.0550329,37.67841878
937,노원구,노원구 상계동(대성한의원 부근),3,3,127.0783711,37.66648072
938,노원구,노원구 월계동(석계로11길 부근),2,2,127.0635872,37.61741584
939,은평구,은평구 대조동(보스톤탑치과의원 부근),5,5,126.9221856,37.61771486
940,은평구,은평구 응암동(와산교 부근),5,5,126.9133817,37.58882511
941,은평구,은평구 갈현동(갈현1동주민센터 부근),4,4,126.917051,37.62371954
942,은평구,은평구 대조동(서울병원 부근),4,4,126.929192,37.60856846
943,은평구,은평구 갈현동(호남식당 부근),3,3,126.9164808,37.61463783
944,서대문구,서대문구 홍제동(홍은사거리 부근),9,10,126.9419335,37.59141821
945,서대문구,서대문구 북가좌동(KEB하나은행 북가좌지점 부근),5,6,126.9117778,37.58062206
946,서대문구,서대문구 홍제동(사랑나눔사회복지센터 부근),3,3,126.9481389,37.59403471
947,서대문구,서대문구 홍은동(홍연2교 부근),3,3,126.9300583,37.57793194
948,서대문구,서대문구 대현동(CGV신촌아트레온 부근),2,2,126.9419111,37.55654594
949,양천구,양천구 목동(한독빌딩 부근),6,6,126.8634323,37.53513713
950,양천구,양천구 신월동(중앙빌딩 부근),5,5,126.8349433,37.52095132
951,양천구,양천구 신월동(신월제일교회 부근),4,4,126.8390477,37.51708251
952,양천구,양천구 신정동(은혜재가요양센터 부근),3,3,126.8511311,37.52348205
953,강서구,강서구 등촌동(신한이모르젠아파트 부근),7,10,126.86395,37.54985974
954,강서구,강서구 염창동(강서구보건소 부근),5,5,126.8682131,37.54913733
955,강서구,강서구 화곡동(바울빌딩 부근),4,4,126.8491451,37.53083269
956,구로구,구로구 오류동(IBK기업은행 오류동지점 부근),5,5,126.8440867,37.49642988
957,구로구,구로구 개봉동(늘푸른한의원 부근),4,4,126.85623,37.4923481
958,구로구,구로구 궁동(우진빌딩 부근),4,4,126.8291577,37.49766868
959,구로구,구로구 오류동(만호빌딩 부근),4,4,126.8448667,37.49400451
960,구로구,구로구 구로동(고려빌딩 부근),3,3,126.8850117,37.50293911
961,금천구,금천구 시흥동(시흥사거리 부근),9,9,126.9003865,37.45475998
962,금천구,금천구 시흥동(은행나무시장 부근),5,5,126.9080419,37.45104553
963,금천구,금천구 독산동(금천우체국사거리 부근),3,3,126.8980862,37.46962926
964,영등포구,영등포구 영등포동(월드맨파워 부근),5,5,126.9081098,37.51499102
965,영등포구,영등포구 문래동6가(e편한세상문래상가 부근),5,5,126.8860163,37.51979961
966,영등포구,영등포구 신길동(영신치과의원 부근),4,4,126.9168157,37.51213817
967,영등포구,영등포구 대림동(도림로31길 부근),3,4,126.8953617,37.49355143
968,영등포구,영등포구 영등포동5가(비즈성형외과의원 부근),2,4,126.9053384,37.52130243
969,영등포구,영등포구 문래동3가(문래근린공원입구 부근),2,2,126.8945221,37.51711298
970,동작구,동작구 신대방동(해태보라매타워 부근),5,5,126.9242081,37.49184016
971,동작구,동작구 대방동(신대방삼거리역2번출구 부근),5,5,126.9280959,37.49895938
972,동작구,동작구 상도동(이니스프리 숭실대점 부근),5,9,126.9525029,37.4976828
973,동작구,동작구 신대방동(대림사거리 부근),4,4,126.9068235,37.48875742
974,동작구,동작구 대방동(보라매빌딩 부근),3,3,126.9215786,37.49979117
975,관악구,관악구 신림동(뿌리약국 부근),7,7,126.9186006,37.47446909
976,관악구,관악구 신림동(신일자원 부근),5,5,126.9138232,37.47748709
977,관악구,관악구 봉천동(쿠우쿠우 서울대점 부근),4,4,126.9503361,37.48139366
978,관악구,관악구 봉천동(당곡사거리 부근),4,5,126.9282106,37.48921215
979,서초구,서초구 서초동(서울고교 부근),4,4,127.0037297,37.48248422
980,서초구,서초구 서초동(서이초교 부근),3,3,127.0266278,37.49198201
981,강남구,강남구 도곡동(삼성타워펠리스1차 부근),4,4,127.053959,37.48876365
982,강남구,강남구 논현동(임피리얼팰리스호텔 부근),3,4,127.035727,37.51323609
983,강남구,강남구 역삼동(스타벅스 아크로힐스 논현점 부근),3,3,127.0402059,37.50917413
984,강남구,강남구 신사동(현대종합상가 부근),3,3,127.0307579,37.52794461
985,강남구,강남구 역삼동(한라클래식 부근),3,3,127.0302398,37.49685475
986,송파구,송파구 마천동(구본빌딩 부근),7,7,127.1541134,37.49708043
987,송파구,송파구 거여동(세븐일레븐 거여본점 부근),5,5,127.1459221,37.49675871
988,송파구,송파구 거여동(효재한의원 부근),5,5,127.1459102,37.49298563
989,송파구,송파구 잠실동(잠실지구대 부근),4,5,127.0820635,37.51170323
990,송파구,송파구 방이동(송파태양약국 부근),4,4,127.11536,37.51097733
991,송파구,송파구 송파동(송파한양1차아파트정문 부근),3,3,127.114507,37.50477206
992,송파구,송파구 가락동(태인일식 부근),3,4,127.1191186,37.49375858
993,강동구,강동구 천호동(성록빌딩 부근),6,6,127.1339641,37.54648721
994,강동구,강동구 천호동(고분다리전통시장 부근),5,5,127.1313937,37.54243147
995,강동구,강동구 성내동(SJ빌딩 부근),3,3,127.1332267,37.53277802
996,강동구,강동구 천호동(천호역2번출구 부근),3,3,127.1235963,37.53923749
997,강동구,강동구 천호동(성덕약국 부근),3,3,127.1403621,37.55079131
998,종로구,종로구 낙원동(기업은행 부근),7,7,126.989062,37.57020253
999,종로구,종로구 숭인동(영도교남단 부근),5,5,127.0188226,37.57143183
1000,중구,중구 을지로5가(중부시장앞 부근),5,5,127.0001088,37.56669438
1001,중구,중구 을지로6가(흥인시장 부근),3,3,127.009478,37.56903379
1002,용산구,용산구 한남동(순천향병원 부근),4,4,127.0059319,37.53336866
1003,성동구,성동구 성수동1가(뚝섬역 부근),4,4,127.0444439,37.54792712
1004,성동구,성동구 성수동2가(뚝도시장 부근),3,3,127.0547088,37.53888965
1005,성동구,성동구 홍익동(청계벽산상가 부근),3,3,127.0304687,37.56864849
1006,광진구,광진구 능동(하나은행중곡동지점 부근),3,3,127.0819592,37.5562682
1007,동대문구,동대문구 제기동(경동시장 부근),13,14,127.0378372,37.57853633
1008,동대문구,동대문구 제기동(우리은행청량리중앙지 부근),12,12,127.0413651,37.57924611
1009,동대문구,동대문구 청량리동(옥치과의원 부근),7,7,127.0457309,37.58123675
1010,동대문구,동대문구 신설동(신설동역일반국도6호선 부근),7,7,127.0237551,37.57580215
1011,동대문구,동대문구 제기동(제기사거리 부근),6,6,127.038331,37.58200955
1012,동대문구,동대문구 청량리동(영휘원 부근),5,5,127.0419088,37.58670536
1013,동대문구,동대문구 장안동(장안동우리은행 부근),5,5,127.066812,37.56622395
1014,동대문구,동대문구 답십리동(쌍마빌딩 부근),3,4,127.0553281,37.56612182
1015,동대문구,동대문구 휘경동(백합빌딩 부근),3,3,127.0589411,37.58902059
1016,동대문구,동대문구 용두동(마장동사거리 부근),3,3,127.0379784,37.5728784
1017,동대문구,동대문구 청량리동(청량리정신병원입구 부근),3,3,127.0488771,37.58621543
1018,중랑구,중랑구 면목동(사가정역 부근),8,8,127.0881843,37.58056588
1019,중랑구,중랑구 중화동(장안중교 부근),6,6,127.0794874,37.59972526
1020,중랑구,중랑구 묵동(구묵동사거리 부근),5,5,127.0786205,37.61865546
1021,중랑구,중랑구 묵동(해성교회 부근),5,7,127.0781736,37.61524645
1022,중랑구,중랑구 면목동(신한은행면목지점 부근),5,5,127.0884954,37.58431592
1023,중랑구,중랑구 면목동(예삐유치원 부근),5,6,127.0776225,37.59093518
1024,중랑구,중랑구 신내동(신내주유소 부근),4,4,127.1004035,37.61409204
1025,중랑구,중랑구 면목동(면목교 부근),4,4,127.0839499,37.5871104
1026,중랑구,중랑구 망우동(망우역 부근),3,3,127.0930635,37.59834591
1027,중랑구,중랑구 면목동(용마산역 부근),3,3,127.0885097,37.57567927
1028,중랑구,중랑구 면목동(동부간선도로일반국도6 부근),3,3,127.0731203,37.59135313
1029,성북구,성북구 장위동(신한은행장위지점 부근),6,6,127.0516002,37.6099582
1030,성북구,성북구 하월곡동(방천시장입구 부근),6,6,127.0349793,37.61174163
1031,성북구,성북구 장위동(부동산 부근),4,4,127.0475372,37.6074179
1032,성북구,성북구 정릉동(정릉4동사무소 부근),4,4,127.0072475,37.61274676
1033,성북구,성북구 하월곡동(종암사거리종암로진출 부근),4,4,127.0325069,37.60276839
1034,성북구,성북구 하월곡동(월곡시장 부근),4,4,127.0425842,37.60366687
1035,성북구,성북구 돈암동(스카이웨이주유소 부근),3,4,127.0133876,37.6012867
1036,성북구,성북구 석관동(돌곶이역 부근),3,3,127.0566824,37.61079763
1037,성북구,성북구 석관동(장위사거리 부근),3,3,127.061548,37.61240583
1038,성북구,성북구 동소문동7가(흥천사입구 부근),3,4,127.0147372,37.59666846
1039,성북구,성북구 하월곡동(이삭교회정릉길진입2 부근),3,3,127.0377761,37.60263864
1040,성북구,성북구 성북동(참나무닭나라 부근),3,3,127.0032171,37.5918097
1041,성북구,성북구 종암동(종암동근린생활시설 부근),3,3,127.0346075,37.59867971
1042,성북구,성북구 안암동5가(안암역 부근),3,4,127.0287275,37.58633499
1043,강북구,강북구 번동(오현로32길3 부근),7,7,127.0399264,37.62859807
1044,강북구,강북구 미아동(삼양사거리 부근),5,5,127.0209385,37.6196167
1045,강북구,강북구 미아동(미아삼거리역 부근),5,5,127.0301307,37.61305523
1046,강북구,강북구 수유동(이화순대국전문 부근),5,5,127.0224211,37.64057734
1047,강북구,강북구 미아동(북부안식일교회 부근),4,6,127.0178954,37.62922987
1048,강북구,강북구 미아동(미아4동사무소 부근),4,4,127.0320943,37.61651635
1049,강북구,강북구 미아동(지성한의원 부근),4,5,127.0223488,37.62999111
1050,강북구,강북구 우이동(와락닭매운탕 부근),4,6,127.0134379,37.65030614
1051,강북구,강북구 수유동(삼성화재번동사옥 부근),4,4,127.0245223,37.63711417
1052,강북구,강북구 수유동(국민마트 부근),3,3,127.0156027,37.64353324
1053,도봉구,도봉구 창동(창동견인차량보관소 부근),7,8,127.0495862,37.65361385
1054,도봉구,도봉구 방학동(방학프라자 부근),5,5,127.0376286,37.665814
1055,도봉구,도봉구 쌍문동(정의여중고 부근),3,3,127.0329952,37.65126474
1056,도봉구,도봉구 쌍문동(창동변전소 부근),3,3,127.040436,37.6582287
1057,도봉구,도봉구 창동(강북구도봉구경계4 부근),2,2,127.0303869,37.64233782
1058,노원구,노원구 상계동(흥부전놀부전 부근),6,6,127.0800426,37.66916468
1059,노원구,노원구 상계동(삼정의원 부근),4,5,127.0705398,37.66189171
1060,노원구,노원구 월계동(인덕공전 부근),3,3,127.0550672,37.62898062
1061,은평구,은평구 갈현동(신한은행연신내지점 부근),8,8,126.9212226,37.61916242
1062,은평구,은평구 대조동(불광로28 부근),6,6,126.9279465,37.60980636
1063,은평구,은평구 응암동(파리바게뜨 부근),5,6,126.9178558,37.58808243
1064,은평구,은평구 역촌동(서부경찰서 부근),3,3,126.9186316,37.60264506
1065,은평구,은평구 갈현동(구산사거리 부근),3,3,126.9137439,37.61290994
1066,은평구,은평구 신사동(신사연세치과 부근),3,3,126.910323,37.59891736
1067,서대문구,서대문구 북아현동(굴레방다리 부근),6,6,126.9565391,37.55905636
1068,서대문구,서대문구 충정로3가(충정로역가구상가서소 부근),5,5,126.9644785,37.55995436
1069,서대문구,서대문구 창천동(신촌현대백화점 부근),5,5,126.9352783,37.55569634
1070,서대문구,서대문구 홍제동(인왕초등교 부근),4,5,126.9450139,37.59206931
1071,서대문구,서대문구 홍제동(인왕APT 부근),4,4,126.9480502,37.5852894
1072,서대문구,서대문구 홍은동(홍연2교 부근),4,4,126.9301925,37.57815792
1073,서대문구,서대문구 홍제동(홍은사거리통일로진출 부근),3,3,126.9412035,37.59182797
1074,서대문구,서대문구 연희동(연희동성당앞 부근),3,3,126.9280676,37.56313191
1075,마포구,마포구 성산동(평강교회 부근),3,3,126.901814,37.56564096
1076,마포구,마포구 대흥동(대흥동사무소 부근),3,3,126.9461072,37.55039062
1077,양천구,양천구 목동(SC제일은행등촌지점 부근),10,10,126.8647532,37.54842669
1078,양천구,양천구 신월동(양강중학교앞 부근),5,5,126.8510935,37.52399542
1079,양천구,양천구 목동(덕수프라자 부근),4,4,126.8716233,37.54662913
1080,양천구,양천구 신정동(신트리현대아파트501동 부근),3,3,126.8534293,37.51278447
1081,양천구,양천구 신정동(삼익쇼핑지하상가 부근),3,3,126.8768309,37.52236513
1082,양천구,양천구 신정동(담우빌딩 부근),2,2,126.8636146,37.52672173
1083,강서구,강서구 화곡동(신정여상 부근),6,6,126.8577736,37.53267389
1084,강서구,강서구 등촌동(가양5단지 부근),6,6,126.8515689,37.56300627
1085,강서구,강서구 화곡동(청구빌라트 부근),4,4,126.8467315,37.54457483
1086,강서구,강서구 공항동(신한은행앞 부근),4,4,126.8120006,37.56124103
1087,강서구,강서구 화곡동(동면빌딩 부근),3,3,126.8520437,37.53108533
1088,강서구,강서구 등촌동(강서요양병원 부근),3,3,126.8547422,37.56020471
1089,강서구,강서구 화곡동(해바라기주유소입구 부근),2,2,126.8473365,37.54923653
1090,구로구,구로구 구로동(유풍빌딩 부근),5,5,126.882396,37.49400226
1091,구로구,구로구 구로동(영서중 부근),5,5,126.8907905,37.489302
1092,구로구,구로구 가리봉동(남구로역 부근),4,4,126.8869389,37.48585946
1093,구로구,구로구 개봉동(조양빌딩 부근),3,3,126.8562046,37.49332377
1094,금천구,금천구 시흥동(형제주유소입구 부근),6,6,126.9047708,37.46055582
1095,금천구,금천구 독산동(시흥사거리 부근),5,5,126.9012418,37.45496421
1096,금천구,금천구 독산동(독산사거리 부근),3,3,126.8979333,37.47149339
1097,영등포구,영등포구 영등포동4가(영등포역 부근),7,7,126.9060072,37.51645474
1098,영등포구,영등포구 당산동3가(서림빌딩 부근),5,5,126.8970754,37.52645447
1099,영등포구,영등포구 영등포동3가(선한치과 부근),4,4,126.9082109,37.51938111
1100,영등포구,영등포구 신길동(하이마트 부근),4,4,126.9082675,37.49721343
1101,영등포구,영등포구 여의도동(한양수퍼앞 부근),4,4,126.9334191,37.51996442
1102,영등포구,영등포구 신길동(영등포농협 부근),3,4,126.912191,37.51113559
1103,영등포구,영등포구 문래동6가(제일종합카센타 부근),3,3,126.8847396,37.51955862
1104,동작구,동작구 상도동(상도3동주민센터 부근),9,11,126.9316969,37.49957757
1105,동작구,동작구 사당동(대우디오슈페리움2 부근),6,7,126.9800758,37.48810632
1106,동작구,동작구 상도동(럭키하이퍼마켓 부근),6,7,126.9410342,37.50156802
1107,동작구,동작구 사당동(대성문구인쇄 부근),4,12,126.9798683,37.48470578
1108,동작구,동작구 상도동(리치타운 부근),4,5,126.9524678,37.49783587
1109,동작구,동작구 노량진동(타코야 부근),4,5,126.9397686,37.50807012
1110,동작구,동작구 사당동(사당시장 부근),3,3,126.9756836,37.48254299
1111,관악구,관악구 신림동(뿌리약국 부근),9,9,126.9188138,37.47418574
1112,관악구,관악구 신림동(신림4동사무소입구 부근),5,6,126.9139769,37.4852553
1113,관악구,관악구 봉천동(봉천로사거리 부근),4,4,126.9534547,37.48235287
1114,관악구,관악구 신림동(청암인터그린타워 부근),4,4,126.9299424,37.48256165
1115,관악구,관악구 봉천동(보라매공원 부근),3,3,126.9268555,37.49330009
1116,관악구,관악구 신림동(금성빌딩 부근),3,3,126.9325656,37.48720002
1117,관악구,관악구 신림동(구로디지털단지역 부근),3,3,126.9026149,37.48460576
1118,관악구,관악구 봉천동(현대시장 부근),3,3,126.9463816,37.48708136
1119,서초구,서초구 잠원동(반포쇼핑센타 부근),4,4,127.0043162,37.50627617
1120,서초구,서초구 방배동(사당역 부근),3,4,126.9814429,37.47658638
1121,강남구,강남구 수서동(수서삼익아파트4단지상 부근),5,6,127.1016505,37.48828144
1122,강남구,강남구 역삼동(신논현역 부근),3,3,127.0257233,37.50443516
1123,강남구,강남구 신사동(벽당빌딩 부근),3,3,127.0247412,37.52548689
1124,강남구,강남구 청담동(강남구청역 부근),3,4,127.041246,37.5174039
1125,송파구,송파구 잠실동(잠실천주교회 부근),6,7,127.0838962,37.51070308
1126,송파구,송파구 석촌동(송파사거리 부근),5,5,127.1083166,37.50159909
1127,송파구,송파구 가락동(문정시영아파트 부근),4,4,127.1344351,37.49150718
1128,송파구,송파구 방이동(방이초교앞 부근),3,3,127.1179535,37.5131814
1129,송파구,송파구 송파동(송파지하차도북측 부근),3,3,127.1119703,37.50025329
1130,송파구,송파구 마천동(성내2교남단 부근),3,3,127.1452456,37.4989208
1131,강동구,강동구 천호동(광진교앞 부근),8,10,127.1242893,37.54090983
1132,강동구,강동구 천호동(천동초교입구 부근),6,6,127.1401802,37.5410672
1133,강동구,강동구 천호동(리코하이빌입구 부근),5,6,127.1358054,37.54243709
1134,강동구,강동구 명일동(황제당구장 부근),4,7,127.1453513,37.54446002
1135,강동구,강동구 천호동(강동구민회관 부근),4,5,127.1415011,37.54619533
1136,강동구,강동구 암사동(브라운스톤아파트앞 부근),4,4,127.1286136,37.54956121
1137,강동구,강동구 둔촌동(일자산입구 부근),3,3,127.1497905,37.53170161
1138,강동구,강동구 성내동(성일초교 부근),3,3,127.1284418,37.53108269
1139,종로구,종로구 숭인동(아람보습학원 부근),9,10,127.0185848,37.5735202
1140,종로구,종로구 창신동(흥인지문사거리 부근),5,7,127.0102224,37.57158311
1141,종로구,종로구 관수동(기업은행 부근),5,5,126.9892462,37.56977716
1142,종로구,종로구 명륜2가(성균관대입구교차로 부근),3,4,126.9980953,37.5836489
1143,중구,중구 황학동(신당5동주민센터 부근),6,6,127.0211169,37.56547583
1144,중구,중구 신당동(약수역서울3호선 부근),5,5,127.0107725,37.55366565
1145,중구,중구 황학동(동대문중앙교회앞 부근),4,4,127.0187197,37.56820139
1146,중구,중구 인현동1가(을지로4가 부근),4,4,126.9972708,37.56647474
1147,용산구,용산구 용문동(용문새마을금고 부근),6,6,126.9600032,37.53696226
1148,성동구,성동구 금호동4가(금남시장앞교차로 부근),5,5,127.0220729,37.54815416
1149,성동구,성동구 성수동2가(윤진약국 부근),4,4,127.0542756,37.53751796
1150,성동구,성동구 성수동2가(성수역앞교차로 부근),3,3,127.0568879,37.54365699
1151,성동구,성동구 응봉동(응봉현대아파트 부근),3,3,127.0302131,37.54985433
1152,광진구,광진구 구의동(구의사거리 부근),2,2,127.0833416,37.5452874
1153,동대문구,동대문구 제기동(성바오로병원앞교차로 부근),10,10,127.0423326,37.57957425
1154,동대문구,동대문구 용두동(경동시장앞교차로 부근),9,12,127.0383513,37.5785268
1155,동대문구,동대문구 회기동(경희대 부근),6,11,127.0531147,37.59354146
1156,동대문구,동대문구 제기동(식당재료유통할인 부근),5,5,127.0404133,37.58301004
1157,동대문구,동대문구 장안동(장안동삼거리 부근),4,4,127.0719725,37.57892963
1158,동대문구,동대문구 용두동(서울시설공단 부근),3,3,127.03811,37.57268062
1159,동대문구,동대문구 휘경동(위생병원앞교차로 부근),3,3,127.0638034,37.59051734
1160,중랑구,중랑구 상봉동(한일써너스빌리젠시2 부근),6,6,127.0938475,37.59791597
1161,중랑구,중랑구 면목동(동원사거리 부근),5,5,127.0934153,37.5898925
1162,중랑구,중랑구 중화동(장안중교 부근),5,5,127.079708,37.59933313
1163,중랑구,중랑구 묵동(묵동우체국 부근),4,4,127.0779532,37.60964481
1164,중랑구,중랑구 면목동(사가정역앞교차로 부근),4,4,127.0870934,37.57990165
1165,중랑구,중랑구 신내동(진로APT 부근),3,3,127.0930048,37.61597961
1166,중랑구,중랑구 면목동(면목역앞교차로 부근),3,4,127.0870583,37.58830209
1167,중랑구,중랑구 망우동(망우1동우체국 부근),3,3,127.1034409,37.60033716
1168,성북구,성북구 동선동1가(성신여대입구역사거리 부근),6,7,127.0166774,37.59301199
1169,성북구,성북구 하월곡동(성북트리즘빌딩앞교차로 부근),4,4,127.0383903,37.60248021
1170,성북구,성북구 정릉동(미진미싱 부근),4,4,127.0210406,37.60187008
1171,성북구,성북구 종암동(종암동370 부근),4,4,127.0322684,37.60262015
1172,성북구,성북구 정릉동(북한산보국문역1번출구 부근),3,4,127.0095097,37.6098809
1173,성북구,성북구 상월곡동(부동산 부근),3,3,127.0462538,37.60719111
1174,성북구,성북구 석관동(장위사거리 부근),2,2,127.0606074,37.61306927
1175,강북구,강북구 미아동(동성자동차공업주 부근),5,5,127.0336891,37.61086214
1176,강북구,강북구 미아동(삼양시장앞교차로 부근),4,4,127.0183419,37.62473532
1177,도봉구,도봉구 창동(우성빌딩입구 부근),5,5,127.0346823,37.64847904
1178,도봉구,도봉구 방학동(아람미술놀이방 부근),4,4,127.0334481,37.66735883
1179,도봉구,도봉구 방학동(LG대경주유소 부근),4,4,127.0430795,37.66641595
1180,도봉구,도봉구 쌍문동(한일병원 부근),4,4,127.027751,37.64528292
1181,도봉구,도봉구 도봉동(도봉고등학교 부근),3,3,127.0425264,37.68733917
1182,노원구,노원구 상계동(기업은행 부근),5,5,127.0805294,37.66935955
1183,노원구,노원구 중계동(성은약국 부근),4,6,127.0735064,37.66060455
1184,노원구,노원구 상계동(상계초교입구교차로 부근),4,4,127.0679147,37.65767796
1185,노원구,노원구 상계동(수락산역앞교차로 부근),3,5,127.0550847,37.67847333
1186,노원구,노원구 공릉동(준효약국 부근),3,3,127.0791937,37.62318337
1187,노원구,노원구 상계동(당고개입구오거리 부근),3,3,127.0758316,37.66405576
1188,은평구,은평구 불광동(불광전화국앞 부근),5,5,126.928925,37.61182137
1189,은평구,은평구 신사동(동명한의원 부근),5,5,126.9136956,37.59875718
1190,은평구,은평구 녹번동(푸른치과의원 부근),4,4,126.9323595,37.60747096
1191,은평구,은평구 응암동(응암오거리 부근),4,4,126.9178177,37.58980437
1192,서대문구,서대문구 홍은동(유진상가 부근),6,6,126.941741,37.59096043
1193,서대문구,서대문구 홍제동(홍제교 부근),4,6,126.9455622,37.59227243
1194,서대문구,서대문구 남가좌동(홍남교앞교차로 부근),3,3,126.9259413,37.57576679
1195,서대문구,서대문구 홍제동(서부빌딩 부근),3,3,126.9451022,37.5880626
1196,마포구,마포구 노고산동(신촌현대백화점 부근),4,4,126.9336841,37.55625967
1197,마포구,마포구 서교동(서교동감리교회 부근),2,2,126.9147555,37.55469946
1198,양천구,양천구 신월동(신월제2동제일은행 부근),5,6,126.8440762,37.52261168
1199,양천구,양천구 목동(목동사거리 부근),5,5,126.8636921,37.53392435
1200,양천구,양천구 신정동(신정네거리역앞 부근),5,5,126.8534453,37.52146783
1201,양천구,양천구 신월동(월정초교앞교차로 부근),4,4,126.834171,37.53695977
1202,양천구,양천구 목동(양동중학교 부근),3,3,126.8694934,37.54841501
1203,양천구,양천구 신월동(신월지하차도북측 부근),3,3,126.8422831,37.51803187
1204,강서구,강서구 화곡동(한라한의원 부근),3,3,126.8477659,37.53425048
1205,강서구,강서구 화곡동(한성빌딩 부근),3,3,126.8400065,37.53753333
1206,강서구,강서구 방화동(신방화사거리 부근),2,2,126.8169158,37.57337907
1207,강서구,강서구 화곡동(우장공원입구교차로 부근),2,2,126.850033,37.55210961
1208,구로구,구로구 오류동(오류동역2번출구 부근),4,4,126.8455863,37.49345058
1209,구로구,구로구 개봉동(개봉로5길26 부근),3,3,126.8542289,37.48564013
1210,금천구,금천구 시흥동(장혁빌딩 부근),4,4,126.9055231,37.45731828
1211,금천구,금천구 독산동(독산4동사거리 부근),4,6,126.9028967,37.46483139
1212,금천구,금천구 시흥동(평화교회 부근),4,4,126.9131861,37.45015386
1213,금천구,금천구 가산동(신평대일타운 부근),3,3,126.8930052,37.47564236
1214,영등포구,영등포구 영등포동3가(영등포역앞교차로 부근),5,6,126.9069551,37.51648147
1215,영등포구,영등포구 신길동(신길동3994 부근),4,4,126.9169524,37.50002616
1216,영등포구,영등포구 당산동1가(영등포청과시장앞교차로 부근),4,4,126.9018755,37.52059306
1217,영등포구,영등포구 신길동(엔씨티오피스텔 부근),2,2,126.9173182,37.51584408
1218,동작구,동작구 상도동(성대약국 부근),13,14,126.9319171,37.50010423
1219,동작구,동작구 대방동(대방천사거리 부근),5,5,126.9209052,37.49823312
1220,동작구,동작구 상도동(장승배기교차로 부근),5,5,126.9389749,37.50492031
1221,동작구,동작구 사당동(남성역앞교차로 부근),4,4,126.9691909,37.4853514
1222,동작구,동작구 상도동(숭실대입구역삼거리 부근),3,3,126.9542819,37.49573509
1223,동작구,동작구 노량진동(노량진삼익아파트 부근),3,3,126.9447249,37.51070713
1224,관악구,관악구 봉천동(봉천본동농협앞 부근),6,6,126.9462546,37.48129404
1225,관악구,관악구 남현동(꼬마숲어린이집 부근),4,5,126.9774063,37.47622598
1226,관악구,관악구 봉천동(2호선봉천역사입구 부근),3,3,126.9411838,37.48261638
1227,관악구,관악구 신림동(롯데백화점관악점앞 부근),3,3,126.9168547,37.48906651
1228,관악구,관악구 봉천동(플랫화이트 부근),3,4,126.9667804,37.47373592
1229,서초구,서초구 서초동(서초1교 부근),3,4,127.020654,37.49568053
1230,서초구,서초구 서초동(양재역사거리 부근),3,4,127.0340505,37.484386
1231,서초구,서초구 잠원동(한양아파트 부근),3,3,127.0082594,37.50885251
1232,서초구,서초구 서초동(서초동17411 부근),2,2,127.0080462,37.48908183
1233,강남구,강남구 수서동(수서아파트6단지601동 부근),6,6,127.1039248,37.48756133
1234,강남구,강남구 역삼동(국기원입구교차로 부근),5,5,127.0297592,37.4979678
1235,송파구,송파구 문정동(GS마트입구 부근),5,5,127.1157071,37.49182407
1236,송파구,송파구 방이동(각시반찬 부근),5,5,127.1156253,37.51103875
1237,송파구,송파구 삼전동(배명사거리 부근),3,4,127.0973192,37.50223119
1238,송파구,송파구 잠실동(삼전사거리 부근),3,3,127.0881645,37.50464232
1239,송파구,송파구 마천동(마천사거리 부근),3,3,127.146386,37.4976471
1240,강동구,강동구 암사동(암사시장 부근),5,5,127.1286758,37.55121454
1241,강동구,강동구 천호동(천호사거리 부근),4,4,127.1235451,37.53895518
1242,강동구,강동구 천호동(천호시장사거리 부근),4,4,127.1277671,37.54044951
1243,강동구,강동구 암사동(장치봉의맵꼬만명태찜 부근),3,3,127.1345239,37.55189078
1244,강동구,강동구 천호동(강동구민회관 부근),3,3,127.1415721,37.54617977
